Nombre del autor|Traducción|Título del libro|Lugar de edicion|Editorial -les|Año|Páginas|Formato|Colección|Edición|Tomo|Tema|Imprenta|Palabras Clave|Referencias
A. Pardo||Los 30 menus del mes |México|Herrero Hermanos Sucs|1943|255|5.5x7.5 pulg||Sexta||Cocina|A. Mijares y Hno.|Sopas, huevos, pescados, guisado, aves, caza, carne, asados, verduras, ensaladas, antojitos, postres|Manual de la Cocina casera exclusivamente para la republica mexicana
Álvarez L. Luis||Pastelería y repostería Moderna|México||1940|96|4x6 pulg||Segunda||Cocina||Galletas, rosquitas, besos, palitos, polvorones, pellizcos, soletas, merengues, muffins, empanadas, panqué, pastel, panes, bizcochos, tortas, budines, flanes, asados, |Selección de recetas fáciles y económicas
Azcué y Mancera Luis||Monografía El Chocolate|México||1958|50|14x20 cm||||Cocina||Chocolate, cacao, vainilla|Monografía origen del sabor mexicano del sabroso, nutritivo y mexicanísimo chocolate.
APAC Asociación Pro Personas con Parálisis Cerebral||Recetas y secretos para compartir|México||1997|322|6.5x8.5 pulg||Segunda||Cocina|Offset Santiago, S.A.|Entremeses, entradas, sopas, pastas, arroz, verduras, salsas, carnes, aves, pescados y mariscos, pasteles, pays y galletas, postres, medidas, equivalencias y conversiones, hierbas y especias, consejos útiles, vocabulario de términos gastronómicos|En este libro un grupo de voluntarias de APAC nos comparten algunos de sus secretos para hacer de cada receta y de cada comida una combinación fabulosa de sabores, colores, ingredientes e ingenio.
Barreto Leonor y Maria de la Madrid||Libro completo de cocina|Guadalajara, Jalisco||1949|565|6.5x9 pulg||Segunda||Cocina|Talleres linotipográficos grafica |Desayunos, comidas, pasteles, huevos, mariscos, entradas, serie de aves, carnes, serie de salsas, verduras, ensaladas, antojitos y platillos regionales, atoles, antojitos provincianos, dulces, dulcecitos y bombones, gelatinas, ponches y bebidas, vinos, refrescos, helados, sandwiches, ensaladas para el té, panecitos, panques y tortas, tortas de panques, pan de levadura, masas finas con rebaje, rebajes, salchichoneria, tocineria y carnes en frio|Variedades de cocktailes, ponches,  bebidas, etc; maneras de servir y adornar la mesa; arreglar banquetes, ambigús, desayunos; para saber elegir, acertadamente todos los ingredientes necesarios para la buena preparación de recetas y para agradable presentación de los menús, asi como tambien levaduras para las distintas clases de panes. Calcular con precisión las cantidades que se emplean en los platillos y al mismo tiempo las que consumen las personas.
Berolzhimer Ruth / Ramírez Carmen ||Que comeremos hoy? Recetas para cocimiento a presión|México|AESA|1950|188|6x7.5 pulg||Primera||Cocina|Rocabruna|Sopas, carnes, aves de corral y caza, budines, tamales, pescados, mariscos, salsas, rellenos, estofados, legumbres, arroz, cereales, macarrones, tallarines, frutas secas, frutas frescas, postres, pasteles, panes, congelados, conservas, alimentación infantil, formulas para Lactantes, preparación, esterilización, molde|Están incluidas recetas para cada comida del día, desde cereales hasta legumbres, desde carnes, pescados y aves hasta sopas y salsas, desde postres y pasteles hasta la preparación y esterilización de alimentos para bebés.
Bimbo||47 Maneras para hacer sandwiches con pan bimbo|México||||6.5X4 pulg|Bimbo|||Cocina||Sandwitch, torrejas, canapes, banderillas, |El nacimiento del sandwitch se debe al ingenio de un noble inglés, los mas sencillos consisten en rebanadas de jamón, queso, pollo, pavo o carnes frias, colocadas entre dos rebanadas de super pan bimbo, untadas con mantequilla y mostaza, a continuación damos recetas de sandwiches un poco más complicados algunos de los cuales son verdaderos platillos .
Caceroleta Magica||Recetario Caceroleta Magica|México|Amigos del Hogar S.A.|||6.5x4.5 pulg||||Cocina||Postres, pastel, asado, pollo, carne, torta, elotes, sopa, arroz, tamales, caldo, estofado, pozole,   |Recetario para que la ama de casa pueda preparar mediante su propia experiencia infinidad de recetas de cocina con la caceroleta magica que sirve absolutamente para todo lo que se quiera cocinar, freir u hornear en ella.
Calleja Teresa / Sesto Gloria||La cocinera poblana|México||1950|246|4.5x7 pulg||||Cocina|El libro Español |cocteles, refrescos, entremeses, sopas, pescados, carnes, pollos, verduras, antojitos, pasteles, papas, huevos, ensaladas, salsas|Presentamos, además de la cocina poblana, platillos españoles, y otros países, algo de repostería y pastelería, todo ello seleccionado y efectivo.
Castañeda Esther||Cocina y repostería|México||1938|153|6.5x9 pulg||||Cocina|Imprenta Londres |Cocktails, consomes, sopas, huevos, carnes, pescados, aves, aspic, pures, salsas, ensaladas, budines, recetas varias, dulces, tortas y pasteles, jaletinas, decorado de pasteles|Moderno manual con las fórmulas más experimentadas                                     Como debe tenerse una cocina higienica, especies y aromaticos, manera de conocer las carnes, clarificación del caldo, manera de conocer el pescado, manera de conocer un pavo joven, manera de matar un pavo, manera de partir el pavo, manera de escoger un pato, manera de cocer las verduras.
Castro Quintero Rosario||Deliciosos recuerdos|México||2002|144|5x8 pulg||||Cocina|Sur comunicación y medios|El almuerzo y la comida, adobos y caldo blanco, mole verde y verdolagas, fiesta, mole y cochinita, invitados y comensales, natillas, arroz y tamales, calabazas y torrejas, panes y tlaxcales, pasteles y cumpleaños, café entre la niebla, sopas y chilaquiles, chiles rellenos y encurtidos, mi pequeña familia, la cena de Noche Buena, el sabor de los recuerdos, recetas|El presente texto es una recopilación de algunos recuerdos sobre parte de la tradición culinaria de una familia (Castro-Quintero) a lo largo de tres generaciones, abarcando aspectos tanto del origen y la preparación de los alimentos, como del gusto por su consumo y sus implicaciones (y complicaciones) en la vida diaria.
Cerrillo Clementina||Recetario Maizena|México|Productos de Maiz, S.A. ||40|7x5 pulg|Productos de Maíz, S.A.|||Cocina||Cock-tail, crema, guisote, conejo, croquetas, zanahoria, compota, huevos, chalupitas, camotes, mantequilla, miel, sopa, crepas, torta, salsa, entremes, arroz, chilaquiles, carne, ensalada, elotes, nieve, frijoles, empanadillas, bocadillos, chiles, helado, tallarines, frutas, pollo, postre, taquitos, risoles, enchiladas, pastel, alcachofas, flanecillos, hot-cakes |Productos de Maíz, S.A., ofrece al ama de casa mexicana, este libro de cocina con recetas económicas y de sencilla preparación. La Srita. Clementina ha preparado este recetario de cocina, con un menú completo para cada día de la semana y que contiene, además, sugestiones para las fiestas en el hogar.
Cobel de Chedraui Bertha / Chedraui Cobel Carmen Ma.||Recetas para ti que tíenes poco tíempo|México|Aconcagua Ediciones y Publicaciones, S.A.|1985|161|5x8 pulg||||Cocina|Talleres de fotolito H.C.|Botanas, sopas, ensaladas, salsas y aderezos, vegetales, pasta, huevos y arroz, pescados y mariscos, pollo, carnes, postres y galletas, |El libro está formado por una selección de recetas rápidas su tiempo de preparación nunca excede de media hora, fáciles de elaborar y cuyo éxito está ampliamente asegurado.
Comité de Damas de la Sociedad Mexicana de Urología||Recetario de cocina|México||1971-1973|160|8x5 pulg||||Cocina|Editorial Estela, S.A.|Botanas, sopas, ensaladas, pescados, mariscos, carnes, postres, crepas, reposteria|La realización de esta obra ha sido posible gracias a la entusiasta y generosa colaboración de las esposas de los urólogos cristalizando así una idea del Comité de Damas de la Sociedad para recabar fondos que permitan actividades de beneficio para los enfermos necesitados que frecuentemente se encuentran en los hospitales.
Comité de Damas, Asociación de Ingenieros de Minas Metalurgistas y Geólogos de México, A.C.||Recetario Minero |México|Ediámac|1989|79|6.5x8.5 pulg||||Cocina|Imformex|Sopas, pastas, ensaladas, verduras, antojitos, sandwiches, pescados, aves, carnes, postres, |Recetario de la mujer minera 
Cruces Carvajal Ramón||Lo que México aportó al mundo|México|Panorama Editorial|1987|152|6x8.5 pulg||Segunda||Cocina||Antecedentes historicos de las culturas prehispanicas, la riqueza natural del México antiguo, el maiz, el frijol, el chile, el aguacate, la vainilla, el cacao, el chocolate, el tomate, la calabaza, el chayote, el zapote, el mamey, la papaya, la guayaba, el nopal, el maguey, el hule, la espirulina, el tabaco, el algodon, la flor de nochebuena, el guajolote, diferentes minerales, plantas y animales prehispanicos, glosario de voces indigenas|México ha brindado al mundo sus originales recursos naturales como por ejemplo el maíz, el tabaco, el cacao, el chocolate, el guajolote, la hermosa flor de Nochebuena, productos de nuestra fauna y flora que, entre otros, fueron dados a conocer al mundo después de la conquista. 
Cueto Consuelo||Economia domestica nociones de dietética y consejos prácticos para la cocina|México|Salvador Mayol|1942|122|6.5x4.5 pulg|Formación familiar |||Cocina|Ediciones del Comité Central de la J.C.F.M.|Alimentos, ración, peso, regímenes, vitaminas, liquidos, carnes, pescados, leche, mantequilla, huevo, queso, papas, grasas, legumbres, especies, condimentos, verduras, frutas, azúcar, miel, grenetina, horno, higiene, mariscos, cereales, tubérculos, chocolate, minerales, calidad|
D. Morales José||Guía práctica para el análisis de la leche |México||1905|30|8.5x6 pulg||||Cocina|Justo Palencia|Leche, consumo, público, clasificación, lactosa, mantequilla, sanitario|Muy importante para todos los comerciantes del ramo, así como para los inspectores sanitarios y para los ayuntamientos de la república.
De Carbia Maria A.||Marichu va a la cocina y recibe con distinción|México|Editorial Epoca, S.A.|1971|411|6.5x9 pulg||||Cocina|Publimex, S.A.|Consejos y sugerencias útiles para arreglar y servir una mesa, mantelería, servilletas, vajilla, cubiertos, cristalería, las flores y las velas, servicio, doble servicio, bufet, cocteles, vinos, el café, entremeses, sopas, pastas italianas y arroz, huevos, pescados, mariscos, aves, carnes, menudencias, verduras, salsas, ensaladas, dulces calientes y frituras, dulces frios, nieves y helados, repostería, sandwich, ensaladas para té, |Este libro tiene una colección de buenas y raras recetas que con seguridad ayudará a las amas de casa a salirse de la rutina en que todas caemos y a presentar a sus familias y amigos, platillos exquisitos y novedosos.                                                                           La mayoria de las recetas son sencillas y económicas y todas ellas explicadas en forma clara y concisa, no faltando las originales y novedosas del mejor gusto culinario.
De Carbia Maria A.||México en la cocina de Marichu|México|Libros y revistas, S.A.||255|5.5x7.5 pulg||Tercera||Cocina|Editorial Olimpo|Entremeses, sopas, pastas y arroz, huevos, salsas y encurtidos, pescados, carnes, aves, verduras y ensaladas, antojos, bebidas y tamales, dulces, reposteria |Cocina mexicana con recetas prácticas, bien explicadas y con las cantidades especificadas.
De la parra mercedes||Recetas prácticas de cocina y menús|Guadalajara Jal.|Librería Font, S.A.|1950|255|6X7.5 pulg||Segunda||Cocina||Recetas, cocina, sopas, pescados, mariscos, aves, carnes, guisados, ensaladas, verduras, dulces, jaletinas, reposteria |Recetas prácticas de cocina y menús arregladas por la profesora Mercedes de la Parra
De la parra mercedes||Recetas prácticas de cocina y menús|Guadalajara Jal.|Librería Font, S.A.|1945|289|7.5x9 pulg||Primera||Cocina|Grafica|Recetas, cocina, sopas, pescados, mariscos, aves, carnes, diversos guisados, ensaladas, verduras, dulces, jaletinas, reposteria |Recetas prácticas de cocina y menús arregladas por la profesora Mercedes de la Parra
De la parra mercedes||Recetas prácticas de cocina |Guadalajara Jal.||1949|141|4.5x6.5 pulg||Cuarta||Cocina|Gráfica|Equivalencias, sopas, sopas secas y huevos, pescados, aves, carnes, pasta para sandwichs, diversos guisados, tamales y legumbres, salsas y ensaladas, atoles, dulces y puding, reposteria, ponches, refrescos, gelatinas y helados|Recetas prácticas de cocina y menús arregladas por la profesora Mercedes de la Parra
De la parra mercedes||Recetas prácticas de cocina |Guadalajara Jal.|Editorial Font, S.A.|1983|155|4.5x6.5 pulg||Sexta||Cocina|Triunfo|Equivalencias, sopas, sopas secas y huevos, pescados, aves, carnes, pasta para sandwichs, diversos guisados, tamales y legumbres, salsas y ensaladas, atoles, dulces y puding, reposteria, ponches, refrescos, gelatinas y helados|Recetas prácticas de cocina y menús arregladas por la profesora Mercedes de la Parra
De la Viña Dionisio||El libro del buen comer|México|Editorial Nueva España S.A.|1944|273|4.5x6.5 pulg||||Cocina|Talleres de la Editorial Tollocan|La cocina a traves de la historia, El desayuno, la merienda, combinando una comida, los vinos, los menus, los banquetes, los convites, filosofia del gusto, el tabaco, alimentos de origen animal, alimentos de origen vegetal, las vitaminas, entremeses, las salsas, sopas, pastas italianas, huevos, pescado y mariscos, carnes, polleria y caza, legumbres y verduras, postres|Noticias sobre los alimentos, reglas de etiqueta, consejos higienicos, docenas de menus, centenares de recetas, lo mas selecto de la cocina exttranjera, lo mejor de la cocina mexicana, vade-mecum del buen gastronomo
De Olagaray Maria Antonieta M.||La cocina práctica al alcance de las masas proletarias |Tuxtla Gutierrez, Chis||1939|171|8x5.5 pulg||||Cocina|Talleres linotipograficos del Gobierno del Estado |Consomes, sopas, huevos, pescados, pollos, legumbres, carnes, ensaladas, platillos, salsas, guarniciones, platillos variados, postres, helados, cocktails, licores, reposteria|
De Zárate Lilia C.||La licuadora waring presenta La cocina mexicana|México|Comercio mundial S.A. de C.V.||76|6.5X4 pulg||||Cocina||Sopas, guisos, salsas, pastas, sandwiches, tortas, budines, dulces, refrescos, verduras, frutas, leches, malteadas, nieves, cubiertos de pastel, bebidas, coctels|Indicaciones para el manejo de la licuadora waring blendor 
Del Castillo María||Cocina Mexicana|México|Olimpo|1966|143|7.5x5.5 pulg||Quinta||Cocina|Talleres Gráficos Olimpo|Sopas, almejas, avena, tortilla, chicharos, chile, cebollas, crema, elote, flor, calabaza, gallina, higaditos, jaibas, jamón, ostiones, perejil, queso, pescado, papas, tallarines, tortuga, verduras, arroz, calamares, camarones, jaibas, guisado, ensalada, tortas, camote, chayotes, chicharos, ejote, elote, coliflor, aguacate, col, potaje, garbanzos, puré, zanahorias, salsas, huevos, carnes, aves, mariscos, moles, antojitos  |Este libro de cocina no es una simple colección de recetas, sino una verdadera guía para comer bien y conservar la salud.
Del Moral Soledad||Haciendo Hogar|Morelia Michoacán||1937|151|5.5x8.5 pulg||||Cocina|Imprenta Londres |Los deberes de una ama de casa, la cocina, su instalación y su aseo, algunos terminos de cocina, la despensa, cuentas, ahorro y compras, principales formas de cocimientos de carnes, pescados y verduras, pesas y medidas, la calidad de la carne, aves y pescados, condimentos y su objetivo estimulante, lo que necesita el organismo humano, la buena y mala alimentación, el agua y los contagios, la alimentación de los enfermos, la educación de la mujer y su influencia en la sociedad, algo sobre el servicio y urbanidad de la mesa, sección de cocina española, sección de cocina americana, sección de cocina francesa, suplemento con la tradicional comida mexicana especial de michoacan, dulces, procedimiento para helar, unos cuantos ponches, refrescos, vinos y licores, algunas formulas probadas de uso domestico.|"Manojo de sugestiones, recetas, experiencias y pequeñas instrucciones.     Responder a la necesidad que tiene la mujer de cumplir con tan noble misión, he aquí el objeto de este libro, cuyo título lo resume todo. ""Hacer Hogar""."
Del Moral Soledad||Haciendo Hogar|Morelia Michoacán||1940|151|5.5x8.5 pulg||Segunda||Cocina|Imprenta Londres |Los deberes de una ama de casa, la cocina, su instalación y su aseo, algunos terminos de cocina, la despensa, cuentas, ahorro y compras, principales formas de cocimientos de carnes, pescados y verduras, pesas y medidas, la calidad de la carne, aves y pescados, condimentos y su objetivo estimulante, lo que necesita el organismo humano, la buena y mala alimentación, el agua y los contagios, la alimentación de los enfermos, la educación de la mujer y su influencia en la sociedad, algo sobre el servicio y urbanidad de la mesa, sección de cocina española, sección de cocina americana, sección de cocina francesa, suplemento con la tradicional comida mexicana especial de michoacan, dulces, helados,  procedimiento para helar, unos cuantos ponches, refrescos, vinos y licores, algunas formulas probadas de uso domestico.|"Manojo de sugestiones, recetas, experiencias y pequeñas instrucciones.     Responder a la necesidad que tiene la mujer de cumplir con tan noble misión, he aquí el objeto de este libro, cuyo título lo resume todo. ""Hacer Hogar""."
Díaz Torres Bertha||"Autenticas recetas de arroz con el auténtico arroz de Jojutla Morelos molino de ""San Jose"""|Jojutla|Buena vista|||5.5x8.5 pulg||||Cocina|Buena vista|Arroz, jojutla, chuletas, croquetas, costillas, sopa, cacahuates, carne, puerco, chiles, salsa, bolognesa, tarta, molino|El molino de arroz San José enclavado en el lugar que vió nacer al arroz en Morelos hace mas de 150 años, es el más antiguo en el Estado, ya que desde 1937 ofrece a los conocedores de la buena cocina el mejor arroz del mundo. 
Dueñas Flores Mariano (textos)||30 recetas de platillos populares mexicanos elote|México|Compañía Nacional de Subsistencias populares |1971||8.5x6.5 pulg|Conasupo|||Cocina|Talleres Gráficos de la Nación|Elote, sopa, crema, calabacitas, arroz, rajas, chile, poblano, rellenos, longaniza, papas, nieve, gorditas, piloncillo, budin, tortillas, nata, tamales, queso, pozole, sopitas, dulces, ensalada, atole, uchepos, esquites, huevos, leche|El elote es el fruto del maíz sin madurar aún, ingrediente de incontables platillos mexicanos de fácil confección, a más de sabroso, nutritivo y económico.
Velázquez de León Josefina (textos)||30 recetas de platillos populares mexicanos huevo fresco|México|Compañía Nacional de Subsistencias populares |||8.5x6.5 pulg|Conasupo|||Cocina|Talleres Gráficos de la Nación|Huevos enfrijolados, tocino, camarón, tortilla de huevo rellena de calabacitas, huevos en salsa blanca, con puré de frijol, tortilla de huevo a la española, huevos estrellados con nata, huevos pasados por agua, huevos sorpresa, con jamón, al horno con salsa de jitomate, huevos ponche con mantequilla, huevos a la vinagreta, en rabo de mestiza, al plato, con espinacas, huevos criollos, rancheros, bandera mexicana, en nidito, con jamón endiablado, revueltos con verduras, estilo poblano, revueltos con chorizo, revueltos a la mexicana, con nata, con chicharos, con chorizo y papas, tortilla de huevo rellena de chocolate|Recetas de platillos populares confeccionados con huevo fresco 
Dueñas Flores Mariano (textos)||30 recetas de platillos populares mexicanos Jitomate|México|Compañía Nacional de Subsistencias populares |1971||8.5x6.5 pulg|Conasupo|||Cocina|Talleres Gráficos de la Nación|Jitomate, caldillo, pure, sopa, tortilla, lenteja, fideo, frijol, cebolla, pescado, arroz, pastas, salsa, crema, mexicana, durangueña, chile, pasilla, chipotle, asado, naranja, tuetano, tostadas, chapandongos, sopes, serranitos, ceviche, chicharron, pancita, adobo, enjitomatadas, ayocotes, guisados, budin, cuitlacoche, gelatina|De las numerosas aportaciones botánicas que México dio al mundo, el jitomate ocupa un lugar preferente.
ETA Grupo Cuernavaca de ALPHA DELTA KAPPA|Rodolfo Tripp / Pilar Garcia|La esencia de la cocina mexicana|Cuernavaca||2007|233|6.5x8 pulg||||Cocina|Nativo diseño|Tortillas, chiles, salsas, antojitos, huevos, sopa, ensaladas, verduras, pescado y mariscos, pollo, carne de res, carne de cerdo, arroz, frijoles y pasta, postres, bebidas |Colección de recetas mexicanas que son fáciles de preparar y que utilizan ingredientes que se pueden encontrar en los EEUU y en otros lados. Nuestro recetario bilingüe comparte la cultura culinaria de México con anglo e hispano hablantes.
Galvan Mariano||El cocinero mexicano|México||1831|428|4x6 pulg|Colección de las mejores recetas para guisar al estilo americano y de las mas selectas según el metodo de las cocinas española, italiana, francesa e inglesa|unica|III|Cocina|Galvan |Masas, pasteles, empanadas, pastelillos, buñuelos, bizcochos, hojuelas, reposteria, tortas, pudines, dulces, pan, maiz, jaletinas, gatos, cremas, postres, compotas, conservas, cajetas, jarabes, licores, ratafias, helados, sorbetes, cremas, aceites, chicha, pulques|Con los procedimientos mas sencillos para la fabricación de masas, dulces, licores, helados y todo lo necesario para el decente servicio de una buena mesa
Galvan Mariano||El cocinero mexicano|México||1831|323|4x6 pulg|Colección de las mejores recetas para guisar al estilo americano y de las mas selectas según el metodo de las cocinas española, italiana, francesa e inglesa|unica|II|Cocina|Galvan |Preparación, guisos, carnes, cuadrupedos, buey, vaca, ternera, carnero, cordero, cabrito, cerdo, aves, pescado, |Con los procedimientos mas sencillos para la fabricación de masas, dulces, licores, helados y todo lo necesario para el decente servicio de una buena mesa
Galvan Mariano||El cocinero mexicano|México||1831|314|4x6 pulg|Colección de las mejores recetas para guisar al estilo americano y de las mas selectas según el metodo de las cocinas española, italiana, francesa e inglesa|unica|I|Cocina|Galvan |Sopas, frituras, aderezos, ensaladas, salsas, caldillos, huevos, almuerzos, guisos, legumbres, tortas, cocidos, tamales|Con los procedimientos mas sencillos para la fabricación de masas, dulces, licores, helados y todo lo necesario para el decente servicio de una buena mesa
Gómez Medina Josefina||Recetas selectas de cocina y reposteria|Guadalajara Jal.||1939|195|6x8 pulg||||Cocina||Cocktails, entremeses, consome, sopas caldosas, sopas, carnes, huevos, pescados, aves, verduras, salsas, ensaladas, antojos y platillos nacionales, salchichoneria, conservación de frutas y legumbres, dulces, reposteria, coberturas y rellenos para pasteles, sandwichs, helados, vinos y refrescos|Para poner una mesa en una comida formal o banquete                                                     Se pone sobre la mesa un molletón o franela gruesa que cubra toda la superficie de ella. Encima se pone un mantel con adornos de filigrana, malla o bordado al gusto y que el color de él haga contraste con el color de la vajilla que vaya a usarse.
González Palomar Benito||Recetas practicas para la señora de la casa sobre cocina, reposteria, pasteles, neveria, etc.|Guadalajara||1895|431|6.5x4.5 pulg||Cuarta|I|Cocina|J.A. Rodríguez|Recetas, cocina, reposteria, pasteles, neveria, sopas, aves, helados, pescados, panecitos, verduras|Recopiladas por algunas socias de la conferencia de la Santisima Trinidad, para el sostenimiento de su hospital
Gutierrez Barrientos María de los Angeles||La cocina Xalapeña|Veracruz|José Joaquín César Arzani|1983|72|6.5x8.5 pulg||||Cocina|Impresora Formal, S.A.|Sopas, guisos, antojitos, postres|Cultura gastromomica xalapeña, su cocina es comparable en su calidad y variedad, dentro del estado, con la tlacotalpeña y con las mejores de la República.
Gutiérrez Maria Antonia||El Ama de Casa|México|Librería de la Vda de CH. Bouret|1895|416|4.5x6.5 pulg||||Cocina|De la Vda de CH. Bouret|Hogar, ama, casa, cocina, salud, vida, social, hogar, economia, trinchar, servir, aseo, belleza, caldos, sopas, carne, legumbres, pastas, huevos, tortilla, pescado, entremeses, salsa, conservación, alimentos, salud, higiene, medicina|Guia de la mujer bien educada en materia de habitación y ocupaciones domésticas, gastos, cocina, moda, costumbres y uso de la sociedad, higiene, tocador, arte de la conversación, distracciones y deberes diversos. 
Hernandez F. de Rodriguez Concepción||Cocina y reposteria práctica|Merida Yucatán|Nueva Edición||189|5.5x8 pulg||17a Edición|II|Cocina|"Impresiones ""GALES"" S.A."|Tabla de pesas y medidas, sopas, carnes, croquetas y albóndigas, recados regionales, salsas y ensaladas, pescados y mariscos, guisos de arroz, huevos, aves, cacería, legumbres, tamales, sandwiches y entremeses, sección de guisos diarios de fácil ejecución para las nuevas amas de casa, panes cakes, galletas, roscas de postre, pasteles y pies americanos, dulces diversos, gelatinas|Cocina y reposteria práctica
Hernandez F. de Rodriguez Concepción||Cocina y reposteria práctica|Merida Yucatán|Nueva Edición||189|5.5x8 pulg||17a Edición|I|Cocina|"Impresiones ""GALES"" S.A."|El servicio de la mesa.Tabla de pesas y medidas, sopas, carnes, recados regionales, salsas, ensaladas, pescados y mariscos, guisos de arroz, huevos, aves, cacería, legumbres, tamales, sandwiches y entremeses, embutidos, refrescos, ponches, licores, cocktails, helados y jarabes, queso y mantequilla, panes de levadura, panes y cakes, galletas y pasteles, dulces de almibar, flanes y budines, pastas y dulces diversos, gelatinas, menú para banquetes|Cocina y reposteria práctica
Hernandez Fajardo C.||Cocina y respostería práctica|Mérida, Yucatán|Cia. Tip. Yucateca|1937|191|6x8.5 pulg||||Cocina||Sopas, carnes, frituras, recados, salsas, ensaladas, huevos, pescados, mariscos, aves, cacería, legumbres, tamales, sandwiches, entremeses, embutidos, refrescos, ponches, licores, cocktails, helados, jarabes, queso, mantequilla, panes, levadura, cakes, galletas, pasteles, dulces, almibar, pastas, gelatinas,  |
Herrero Hermanos Sucesores||La cocinera poblana|México|Herrero Hermanos, Sucesores|1926|428|5x7.5 pulg||Decima||Cocina|Imprenta de los editores|Sopas, caldos, jugos, pures, cocido, puchero, potajes, salsas, carnes, carnero, ternera, puerco, asados, embuchados, liebre, aves, conejo, pescados, tortas, frituras, huevos, legumbres, pastelería, repostería, dulcería, conservas, botillería, cajetas, vinos, licores |Novísimo manual práctico de cocina española, francesa, inglesa y mexicana, higiene y economia doméstica
Isabel Turrent||Menús de antaño para hoy|México|Editorial Jilguero S.A. de C.V.|1997|74|5.5x8 pulg||Segunda||Cocina|Talleres de Abedul Editores, S.A. de C.V.|Entradas, sopas y cremas, arroces y pastas, pescados y mariscos, carnes y aves, verduras, legumbres y ensaladas, postres y pasteles.|Platillos cuya tradición se remonta a centurias y que forman parte de la cultura entrañable de México.
Isla María||Manual de cocina|Puebla|Tip. De la Misericordia Cristiana|1911|547|4.5x6 pulg||Segunda||Cocina||Consomes, sopas, pescados, aves, carnes, lomos, filetes, salzas, reposteria, dulces, postres|Recetas de la srita. María Isla quien las cedió a la casa de La Misericordia Cristiana
Iturriaga José N.||De tacos, tamales y tortas|México|Editorial Diana, S.A.|1987|134|5x8 pulg||Primera||Cocina|Talleres de litografica Orion, S.A. de C.V.|Maíz/Nixtamal/Masa/Tortillas, los tacos, los tamales y los atoles, las tortas|No es éste un libro de cocina, es el diccionario del alimento básico del mexicano.
Lobo Aragon Alma||Las mejores recetas de la cocina: Mexicana, Española y Francesa |México|Editora y distribuidora de libros|1955|157|6x7.5 pulg||||Cocina|Talleres de Morales, Hnos. Impresores, S.A.|Bebidas internacionales, entremeses y bocadillos, caldos, pucheros, sopas y cremas, cocina mexicana, sopas y caldos, pastas, huevos, paella, ensaladas y aderezos, antojitos y platillos varios, salsas mexicanas, pasteles de frutas|Las mejores recetas de la cocina: Mexicana, Española y Francesa 
Luz||El hogar y la cocina|Merida Yucatán||1933|414|5x7 pulg||||Cocina|Imp. Oriente|Sopas, pescados, aves, carnes, salsas para asados y bistec, diversos guisos, huevos, legumbres, ensaladas, postres, dulces en almibar, mermeladas, pastas, jarabes, panes de harina, sorbetes, bebidas, atoles, alimentos para niños y enfermos |Manual de cocina teorico y practico          En todas las secciones de que consta este manual recomiendo con especial cuidado, dados los conocimientos que he adquirido en el terreno de la práctica; que los recados y especies que se pongan a los guisos vayan en relación con la cantidad de carnes sean de res, de ave, o de puerco. 
Maizena Duryea||"Buenos Guisados con Aceite Vegetal ""Argo"" Miel ""Karo"" y Maizena Duryea"|México|Corn Products Refining Co.||40|6.5x4.5 pulg|Maizena Duryea|||Cocina||Sopas, salsas, pescados, pan, bizcochos, dulces, pasteles|Maizena duryea con ella se hacen los mejores platillos y los mas deliciosos postres y bizcochos, pasteleria, reposteria y cocina al alcance de todas las amas de casa.
Mars Maria Teresa||La cocina de la madre a la hija|México||1944|333|6.5x9 pulg||||Cocina|Imprenta barrie|Sopas, huevos, pescados y mariscos, carnes, aves, vegetales, postres, helados, antojos, salsas, reposteria|Menús para los 30 días del mes, de vigilia, mexicanos, para matrimonios y otras celebraciones, frios para días calidos, para gastronomos, diversos, salsas, entremeses diferentes y recetas de reposteria.
Matus de Sumohano Edith V.||Libro de cocina de la mujer tabasqueña|Villahermosa, Tab||1981|280|6.5x9 pulg||Cuarta||Cocina|Talleres Linotipográficos Virginia|Sopas, carnes, aves, varios, pescados, paella, ensaladas, postres, tabasco|Recetas regionales de cocina y postres tradicionales de tabasco 
Matus de Sumohano Edith V.||Libro de cocina de la mujer tabasqueña|Villahermosa, Tab||1993|387|5x7.5 pulg||Septima||Cocina||Sopas, carnes, aves, pescados y mariscos, varios, paella, ensaladas, postres, recetas regionales de cocina y postres de tabasco, pescados, mariscos, quelonios y reptiles, aves, varios, bebidas, postres, |Recetas regionales de cocina y postres tradicionales de tabasco.
Miguelez Aureliano||El abarrote|México|Cámara Nacional de la Industria Editorial |1969|176|6x7.5 pulg||||Cocina|Impresiones Modernas|Origen del autoservicio, mercados de mexico, utopía del supermercado, el arte en la gastronomía, el vino y la alimentación, la caña y el azúcar|Revista mensual independiente de alimentos y bebidas
Moreda de D. José||Libro de cocina|Oaxaca||1982||9.5x8 pulg||||Cocina||Pastel, picadillo, sopa, torta, tomates, lomo, mole, tortillas, quesadillas, huevos, salsa, pollo, gallina, cordero, guisado, pavo, pipian, ensaladas, alcachofas, leche, crema, cajeta, arroz, buñuelos, charamuscas, torrejas|Hace algún tiempo sentimos la inquietud de iniciar una investigación documental, anecdótica, costumbrista, de ingredientes y de elaboración, acerca de una de las manifestaciones culturales mas vivas e importantes del estado de Oaxaca: su gastronomía.
Muñoz Rodríguez Lidia||Comida tradicional de Tlaltizapan, Morelos|México|PACMyC|1999|51|5.5x8 pulg||Primera||Cocina|Talleres SUR Comunicación y Medios, S.A. de C.V.|Tlaltizapan: sobre la tierra blanca, recetas, preparados de maíz, guisados, postres, bebidas, bebidas de maíz|El recetario de Tlaltizapan trata sobre la gastronomía que es historia secular de lucha, trabajo y fraternidad.
Nieves||Ramillete del ama de casa|México||1956|422|5.5x7.5 pulg||Segunda||Cocina|Talleres de la Compañía Editorial Continental, S.A.|Sopas y potajes, salsas, huevos y tortillas, pescados, legumbres, carnes, aves y caza, cerdo, arroz, platos variados, repostería|Contiene fórmulas de cocina y reposteria.    Sopas las más variadas, gran número de platos de huevos, carne y pescados; embutidos de diversas clases, los más delicados postres, los mas sabrosos dulces de cocina, turrones, helados, licores.
Pardo Alejandro||El verdadero Práctico |México||1917|241|4.5x6.5 pulg||Tercera||Cocina|Antigua Imprenta de Murguia|Recetas, cocina, pasteleria, reposteria, caldo, sopas, salsas, huevos, pescados, guisados, verduras, pollos, ternera, asados, ensaladas, pastelería, dulcería, vigilia|Mejores formulas ensayadas y coreregidas, fruto de doce años de practicarlas y otros tantos de teoria en los mejores colegios y academias de Europa
Pardo Alejandro||Los 30 menus del mes |México|Herrero Hermanos Sucs|1929|301|4x6.5 pulg||Quinta||Cocina|Imprenta de los editores|Sopas, huevos, pescados, guisado, aves, caza, carne, asados, verduras, ensaladas, antojitos, postres|Manual de la Cocina casera exclusivamente para la republica mexicana
Pardo Alejandro ||El verdadero Práctico |México |Herrero Hermanos Sucesores|1928|676|6x9 pulg||Segunda|único|Cocina|Herrero Hnos|Cocina, alimentos, caldos, sopas, salsas, huevos, tortillas, pescados, carnes, cereales, verduras, aves, ensaladas, menus, pasteleria, pastas, bizcochos, pasteles, dulces, fondant, merengue, levadura, reposteria, refrescos, helados, ponches, rellenos, camisados, mermeladas, confituras, frutas|Cocina, pasteleria, reposteria
Plascencia Q. Ma. Isabel||En cualquier día o mes del año: Maíz y amaranto Raices y alimentos|Cuernavaca||1986|79|8x6 pulg||||Cocina|Talleres gráficos de Impresores de Morelos|Maíz, amaranto, dieta, cocina, mezclas, recetas, pinoles, mazapanes|Recetas antiguas y siempre nuevas, al fogón divino, al tlecuil, a la cocina, como centros rituales y hacedores de seres humanos armónicos:listos para transformar el mundo, desde el ombligo del universo: México Tenochtitlan. 
Quintín Olascoaga José||Cocina Dietética Mexicana|México|Ediciones Oasis, S.A.|1961|185|6.5x8.5 pulg||Primera|I|Cocina|Gráficas Horizonte S.A.|Técnica, culinaria, dietética, fórmulas, valores nutritivos, empírica, popular, comercial, sobrantes, residuos, desechos, costo, frutas, carnes frescas, vegetales, cocción, cuidados sanitarios, leche, agua, plagas, material de aseo, nieves, helados, refrescos, salsas, huevos, aves, pascados, mariscos, gelatinas, leguminosas|Las técnicas de cocina dietética ayudan a mantener en buenas condiciones el estado de nutrición de las personas sanas y de la mayor parte de las enfermas, porque las preparaciones culinarias están adecuadas en todos sus aspectos a las necesidades fisiológicas, fisiopatológicas, psicológicas, económicas y del medio ambiente, al mismo tiempo que se impulsan los hábitos correctos de alimentación y se corrigen progresivamente las costumbres perjudiciales.
Ramirez Carmen||La cocina clasica |México||1937|372|6.5x9 pulg|||I|Cocina|Talleres de la Imprenta Mundial de México|Equipo de la buena cocina, recetas y bases fundamentales, cocina casera y alta cocina, guarniciones, cocktail, sopas caldosas y de crema, sopas secas, recetas fundamentales de huevos, huevos, pescados, carnes, aves, verduras, salsas, antojitos y platos mexicanos, ensaladas, dulces, frituras y pastas secas, pastas y pasteles|Primer libro de cocina y reposteria, recetas garantizadas por la academia de enseñanza moderna de reposteria y cocina. Hacer buena cocina significa proveer al organismo de los alimentos necesarios para la vida, mediante una cocción previa que facilite su digestión y una sana y agradable seslección de platillos que deja una sensación tanto en el paladar como en la propia vida.
Romero Reyes Alfonso Mendoza Gallegos Eder||La comida mexicana |México|Fondo Nacional para el fomento de las artesanias |1982|45|8x5.5 pulg||||Cocina||Comida, nutrición, utensilios, guisos, salsas, fiestas, guisos, antojitos, ritos, rarezas, postres, chocolate|La publicación que tiene en sus manos pertenece a una serie de cuadernos monográficos por ramas artesanales escritos por connotados especialistas.
Ross Elaine||Ahorre tiempo en la cocina|Lima, Perú|Organización Editorial Novaro, S.A./ Distribuidora peruana de publicaciones S.A. (DIPUSA)|1974|64|5x3.5 pulg|Joyitas|||Cocina|Editorial universo|Ablandar, aceite, saltear, aderezos, cocinar, carnes, arroz, cebolla, conservas, crema, curry, chocolate, datiles, ensaladas, fruta, galletas, gelatina, grasa, hierbas, huevos, legumbres, limón, mantequilla, mariscos, merengues, nueces, pastel, salsas, pescado, pollo, sopa, té, vino|Más de 200 ingeniosos consejos que ayudarán tanto al cocinero consumado como al novato 
Suinaga de Fernández Luz de Lourdes||Descanse diez semanas en la cocina||||97|16.5x23 cm||||Cocina|Grabafast, S.A.|Sopas aguadas, sopas secas, ensaladas, pures, verduras, carnes, pescados, pollos, postres|Recopilación de las recetas más faciles y sabrosas que he encontrado en los últimos dieciocho años. El fin de este libro es facilitar al ama de casa en la vida moderna, el problema de pensar y disponer la comida diaria, así como también hacer más rápida la compra de los víveres necesarios para la semana.
Sahagún de Guízar Ma. Teresa||Mi segundo libro de cocina|Cotija, Mich.||1989|245|6.5x9 pulg||Primera||Cocina||Aderezos, ensaladas, sopas, papas, huevos, vegetales, pollos, pescados, antojitos, carnes, dulces, panes, bocadillos, botanas|35 menús económicos, suficientes y fáciles, consejos prácticos, 110 recetas complementarias de los menús.
Simón de Chahín Afifi||Libro de cocina|Orizaba, Ver.|Comité de Damas de la Cruz Roja|1972|344|6.5x8.5 pulg||Primera||Cocina|Taller gráfico Urias|Consejos, lexico culinario, hierbas de olor y las especias, cocktail, sopas, pastas, ensaladas, pescados y mariscos, aves, carnes, platillos mexicanos, platillos diversos, reposteria, postres, gelatinas|Libro de cocina, primera edición segundo libro, Comité de Damas de la Cruz Roja.
Teja Jesus A.||Manual ilustrado de conservación de frutas y legumbres, dulcería, jabonería, perfumería, mangas e impermeables de hule, curtiduría, industrias escolares, barnices y pinturas y muebles imitación bambú|México||1931|151|5.5x7 pulg||||Cocina|"Talleres linotipograficos ""C. Rivadeneyra"""|Conservación, frutas, legumbres, industrias, barnices, pinturas, muebles, carrizo, bambu, jarabe, almibar, utiles, relleno, esterilización, fermentado, ates, vinagre, salsa, dulcería, bombones, cajeta, garapiñado, camotes, crema, cocada, chiclosos, fondant, jaletinas, queso, chongos, nieve, jabonería, lejias, perfumería, pasta, loción, tonico, brillantina, cosmetico, colorete, curtiduría|Conservación de frutas y legumbres, dulcería, jabonería, perfumería, mangas e impermeables de hule, curtiduría, industrias escolares, barnices y pinturas y muebles imitación bambú
Valdes Ramona||Cocina Práctica|||1953|505|5x7.5 pulg||||Cocina|Imp. M. León Sánchez, S.C.|Sopas, salsas, huevos, pescados, carnes, verduras, aves, salchichoneria, reposteria, dulces y helados|Estas recetas han sido experimentadas y enseñadas por mí en las escuelas Corregidora de Querétaro Sor Juana Inés de la Cruz, Enseñanza Doméstica y varias academias particulares durante 15 años, habiendo sido practicadas con todo éxito en mi larga labor en dichas escuelas.
Valdivia Francisca Vda. De Vazquez||Mi nuevo libro Recetas de cocina|Guadalajara|Casa Editorial Carlos Moya|1948|260|4.5x6 pulg||Sexta||Cocina|Imp. Elzeviriana y Lib. Cami S.A.|Consomes y sopas, carnes, pollo, pescado, verduras, ensaladas y salsas, conservas, tortas, postres, ponches y vinos, tepache, atoles, tamales|Conocimientos culinarios, higienicos de buen gusto y modernos, platillos que no dañan los estomagos.
Velazquez de León J.||El tesoro de la cocina |México|J. Velazquez de León|1956|96|5x7 pulg|Selecciones culinarias|Segunda||Cocina||Tamales, atoles|"Todas las recetas de este libro, están experimentadas y garantizadas por la Academia de Cocina, repostería y decorado ""Velazquez de León"""
Velázquez de León J.||El tesoro de la cocina |México|J. Velazquez de León|1956|96|5x7 pulg|Selecciones culinarias|Reimpreión de la Segunda Edición||Cocina||Tamales, atoles|"Todas las recetas de este libro, están experimentadas y garantizadas por la Academia de Cocina, repostería y decorado ""Velazquez de León"""
Velázquez de León Josefina||Aves 30 recetas para prepararlas|México|J. Velazquez de León|1956|48|5.5x7.5 pulg||Primera||Cocina||Aves, pollo, gallina, pavo, mole, ganso, pato, pichones, tortolitas, codornices, pechugas, pastel|Recetas seleccionadas de platillos de pollos, gallinas, pavos, gansos, patos, tórtolas, pichones, codornices
Velázquez de León Josefina||La cocina en el aire|México||1947|149|5.5x7 pulg||Primera||Cocina||Cocktails, sopas, sopas secas, huevos, pescados, aves, carnes, verduras, platillos mexicanos, diversos, cereales, postres, reposteria|En forma condensada contiene desde la preparación de cocktails, sopas caldosas y secas, platillos de entrada como base de esta publicación para terminar con pastas, pasteles y dulces de platón que siempre serán estimados.
Velázquez de léon Josefina||Fuertomate en la cocina |México|Distribuidora del fuerte, S.A. ||32|6.5x4.5 pulg|||Recetario núm. 1|Cocina||Recetas, coctel, camarones, ostiones, entremés, sopa, pasta, tortilla, huevo, pan, camarón, arroz, spaguetti, budín, papa, garbanzos, jamón, calabaza, ejotes, pollo, pescado, taquitos, asado, carne, salsa, mondongo, gelatina, mermelada, pastel, tomate|Mis mejores recetas ahora con fuertomate elemento principal en la cocina mexicana y de gran importancia también en muchos platillos italianos, franceses y españoles.
Velázquez de Léon Josefina||Cocina Instantanea|México|Ediciones J. Velazquez de Leon|1949|122|7.5x5.5 pulg||1A. Edición||Cocina||Cocina, instantanea, latas, cocktails, entremeses, sopas, huevos, pescados, carnes, verduras, antojitos, ensaladas, platillos, frijoles, postres, repostería, helados, refrescos|Ideas prácticas para preparar rápidamente con latas y productos preparados platillos de buen sabor, dulces y repostería.
Velázquez de léon Josefina||Como cocinar en los aparatos modernos|México|Ediciones J. Velázquez de Léon|1950|408|5.5x7.5 pulg||Segunda|I|Cocina||Sopas, caldos, sopas secas, huevos, pescados, aves, carnes, verduras, cereales, especialidades mexicanas, frijoles, postres, menus combinados, careales preparados, aves, reposteria, pan de levadura, diversos, la alta cocina del horno lamex, pasteles, salsas, sandwichsescarchas de fruta, nieves y helados, cocktails, atoles, refrescos, dietetica, algunas formulas de alimentos para enfermos, varios, dulces rellenos|Explicaciones ilustradas del manejo de las Ollas para cocimiento a Presión, del baño de María, del horno lamex, de las licuadoras, batidoras y molde milagro.       Tabla de tiempo para el cocimiento a presión, recetas de platillos y repostería que se confeccionan rápidamente en los mismos aparatos.
Velázquez de León Josefina ||50 recetas de cocina mexicana|México|CFE|1970|28|9x6.5 pulg||||Cocina|Central de Artes Gráficas, S.A. |Mermelada, mole, pastel, pollo, tortilla, salsa, nieve, piña, helado, nuez, fresa, crema, pulque, atole, refresco, horchata, leche, sopa, malteada, postre, piñon, pipian, pepita, calabaza, taquitos, lomo, panques, arroz, trigo, pinole, cerveza, zanahorias, chicharos, espinaca, pure, avena, papa, papaya, naranja, huevo, galletas, pinole, nata, gelatina, mamey, quesadillas, tamales|Doña Josefina Velázquez de León es una de las autoras más conocidas en recetarios de cocina mexicana. Este folleto contiene una selección de 50 recetas de la señora Velázquez de Léon.
Velázquez de León Josefina (textos)||30 recetas de platillos populares mexicanos arroz|México|Compañía Nacional de Subsistencias populares |1971||8.5x6.5 pulg|Conasupo|||Cocina|Talleres Gráficos de la Nación|Arroz, crema, papa, zanahoria, chicharos, taquitos, guacamole, calabacitas, betabel, tortas, camarones, poblano, pescado, croquetas, queso, turcos, carne, elote, timbalitos, leche, atole, harina, relicarios, coco, bigotes, nata, postre, horchata|El arroz constituye un alimento muy nutritivo, es rico en calorías, en sales minerales, de fácil digestión y es introducido muy pronto en la dieta del niño en forma de agua de arroz, en atoles; también un gran alimento para el anciano y se aconseja en casi todos los regímenes alimenticios.
Velázquez de León Josefina (textos)||30 recetas de platillos populares mexicanos Leche|México|Compañía Nacional de Subsistencias populares |1971||8.5x6.5 pulg|Conasupo|||Cocina|Talleres Gráficos de la Nación|Leche, jocoqui, cuajada, requeson, sopa, flor, calabaza, caracolito, espinacas, arroz, rajas, elote, chayotes, salsa, chiles, encebollados, rellenos, tortitas, avena, gorditas, taquitos, panecitos, piloncillo, naranja, atole, bocadillos, budin, pan, cajeta, cocada, copitas, postre, encaneladas, chongos, zamoranos, cacahuate, flan, gelatinas, rompope, zorrillo |La importancia que tiene la leche como un elemento indispensable en una dieta balanceada, manifestando los nutriólogos la conveniencia de que por lo menos cada persona consuma medio litro de leche diario.
Velázquez de León Josefina (textos)||30 recetas de platillos populares mexicanos Garbanzo|México|Compañía Nacional de Subsistencias populares |1971||8.5x6.5 pulg|Conasupo|||Cocina|Talleres Gráficos de la Nación|Garbanzo, sopa, galletas, ostioncito, pan, espinaca, pescado, arroz, zanahoria, col, menudo, nopalitos, chile, pasilla, manteles, salsa, chorizo, acelgas, papa, ensalada, torta, rellena, verdolaga, chicharron, pastel, polvorones, atole, pinole, postre, garapiñados, gorditas, maíz, galleta|
Velázquez de León Josefina (textos)||30 recetas de platillos populares mexicanos Chile|México|Compañía Nacional de Subsistencias populares |1971||8.5x6.5 pulg|Conasupo|||Cocina|Talleres Gráficos de la Nación|Chile, serrano, costeño, mirasol, pasilla, chipotle, jalapeño, ancho, mulato, mora, morita, bola, cascabel, piquin, arbol, maxak, chiltepin, anaheim, sopa, pescado, masa, nopalitos, tallarines, queso, huevos, longaniza, chicharron, charales, calabacitas, adobo, espinazo, cerdo, menudo, salsa, taquitos, rellena, chilaquiles, papitas, caldo, tlalpeño, quesadillas, papa, verdolagas, papada, puerco, pambacitos, garnachitas, enchiladas, chilacayotes, tlacoyos|El chile es un renglón tradicional en la dieta del mexicano. Se le come a diario verde o seco y la mayoría de los platillos lo incorporan como un condimento indispensable para el gusto popular. En nuestro país se le tiene como artículo de primera necesidad que unido fundamentalmente al maíz y al frijol forma en el cuadro de nuestra alimentación.
Velázquez de León Josefina (textos)||30 recetas de platillos populares mexicanos Platillos para días festivos|México|Compañía Nacional de Subsistencias populares |1971||8.5x6.5 pulg|Conasupo|||Cocina|Talleres Gráficos de la Nación|Barbacoa, olla, aguascalientes, caldo, camarones, campeche, panuchos, coahuila, guisado, norteño, colima, tacos, chiapas, sopa, chihuahua, frijoles, durango, res, cabeza, olla, guanajuato, menudo, guerrero, robalo, pescado, hidalgo, mixiote, jalisco, pozole, méxico, mole, michoacan, chiles, rrellenos, morelos, nayarit, bollos, platano, león, carne, asada, oaxaca, verde, puebla, chalupas, queretaro, chilaquiles, quintana roo, empanadas, cazon, potosi, enchiladas, sinaloa, ostiones, sonora, burros, tabasco, potze, tamaulipas, huasteco, tlaxcala, veracruz, jarochos, yucatan, puerco, zacatecas, espinazo, adobado|Para días festivos, confeccionados bajo las tradiciones de los diversos Estados de la República.
Velázquez de León Josefina (textos)||30 recetas de platillos populares mexicanos Platillos para días festivos|México|Compañía Nacional de Subsistencias populares |1972||8.5x6.5 pulg|Conasupo|||Cocina|Talleres Gráficos de la Nación|Chilmole, yucatan, robalo, sopa, cazon, campechana, campeche, chiapas, yerba, santa, tlaxcala, frijoles, nopales, guerrero, cebiche, chihuahua, carne, huevo, sonora, menudo, durango, caldillo, guanajuato, rabo, zorra, coahuila, cazuelitas, charra, hidalgo, pastel, pachuca, lomo, chile, aguascalientes, bocado, jalisco, churipo, michoacan, taquitos, barbacoa, mexico, colima, cuachala, clemole, oaxaca, tortillas, harina, leon, morelos, jaibas, chilpachole, veracruz, caldo, jaiba, tamaulipas, tampiqueña, vapor, queretaro, potosi, enchiladas, puebla, salbutes, figadete, zacatecas, almejas, sinaloa, tatishuile, nayarit|Para días festivos, confeccionados bajo las tradiciones de los diversos Estados de la República.
Velázquez de León Josefina (textos)||30 recetas de platillos populares mexicanos Camaron seco y en polvo|México|Compañía Nacional de Subsistencias populares |1971||8.5x6.5 pulg|Conasupo|||Cocina|Talleres Gráficos de la Nación|Camarón, caldo, sopa, papa, garbanzo, frituras, verdura, zanahoria, arroz, macarrón, alverjones, cocktail, ensalada, huevo, chiles, vigilia, rellenos, garbanzos, budin, orejones, calabazas, bocadillos, empanadas, romeritos, tortas, peritas, taquitos, nopales, pizcapochas, platillo, botanitas|
Velázquez de León Josefina (textos)||30 recetas de platillos populares mexicanos Pan frio|México|Compañía Nacional de Subsistencias populares |1971||8.5x6.5 pulg|Conasupo|||Cocina|Talleres Gráficos de la Nación|Pan, sopa, bolitas, verdura, fideos, huevo, queso, espinacas, frituras, frijol, longaniza, salchicha, higado, empanizado, papas, rollo, salmon, gaspacho, budin, capitotada, rellenas, chayotes, zanahorias, calabacitas, nata, bocadillos, carne, salsa, molido, albondigon, pastel, chocolate, postre, yemas, torrejas, leche, frita, panquecillos, galletas, coco, migas|Algunas maneras de utilizar el pan frio, ayuda a economizar al ama de casa, se utiliza como complemento de sopas, rebanado, frito, bocadillos, torrejas, capirotada, molido sirve para platillos empanizados y frituras, remojado en migas, gaspacho, budines, tostado y molido para pasteles y galletas asi como frito para espesar y dar sabor a muchas salsas y moles.
Zescham Noamira José Ramo||Memoria Instructiva sobre el Maguey o Agave Mexicano||Ignacio Julián|1837|40|4x6 pulg||||Cocina|Tomás Uribe y Alcalde|Maguey, agave, cultivo, duración, usos, llanos, apan, medicinales, pulque, poda, recorte, escarda, raspa, agua miel, tlachiquero, pencas, gusano|Contendra los nombres con que se conocen treinta y tes variedades en los llanos de Apan, su cultivo, duración, usos, virtudes medicinales y preparación de la bebida que de el se saca, llamada pulque. 
||Enciclopedia Doméstica |Méjico||1854|758|7x10.5 pulg|De procedimientos y de Recetas||I|Cocina|Imprenta de Juan R. Navarro, Editor  |Enciclopedia, Recetas, Procedimientos, Artes y Oficios, Domestica, |Obra desembarazada de todos los procedimientos dispendiosos ó que no estan en uso y extractada de los mejores autores franceses traducida para la Biblioteca Nacional y Extranjera
||Enciclopedia Doméstica |Méjico||1854|616|7x10.5 pulg|De procedimientos y de Recetas||II|Cocina|Imprenta de Juan R. Navarro, Editor  |Enciclopedia, Recetas, Procedimientos, Artes y Oficios, Domestica, |Obra desembarazada de todos los procedimientos dispendiosos ó que no estan en uso y extractada de los mejores autores franceses traducida para la Biblioteca Nacional y Extranjera
||Novisimo Arte de Cocina|Filadelfia||1845|324|6x3.5 pulg|Colección de las mejores recetas para guisar al estilo americano y de las mas selectas según el metodo de las cocinas española, italiana, francesa e inglesa|unica|I|Cocina|Compañía estereográfica de la America del Norte|Sopas, cocina, ensaladas, guisados, carne, aves, asados, tortas, pescado, pasteles, postres, conservas, dulces, refrescos, helados, jaletinas, salsa, bocadillos, cubiletes, jaleas, chocolates, trinchar, viandas, rosquetes |Para que al menor costo posible, y con la mayor comodidad pueda guisarse a la española, francesa, italiana é inglesa; sin omitirse cosa alguna de lo hasta aquí publicado, para sazonar al estilo México
||La cocina moderna perfeccionada |Madrid|Sáenz de jubera, hermanos ||566|5x8 pulg||14||Cocina||Cocina, cocinero, servicio, mesa, comida, café, vinos, guisos, entradas, asados, postres, almuerzo, condimentos, grasas, manteca, alimentos, cocción, salsa, sopa, lengua, ternera, carnero, cerdo, cordero, pescados, jabalí, mariscos, aves, caza, legumbres, verduras, ensalada, huevos, tortilla, salazón, conservación, salchichonería, pastelería, reposteria, postres, trinchar, licores, economía, doméstica, |Tratado completo de cocina, pastelería, repostería y botillería contiene gran número de recetas de ejecución fácil y segura, según la práctica de los más afamados cocineros españoles y extranjeros  comprendiendo todos los utiles de cocina el servicio completo de la mesa y arte de trinchar; el metodo para elaborar excelentes pasteles, helados, licores y todo cuanto se refiere á la pequeña y á la grande cocina española, extranjera y americana, economia domestica y floricultura de ventanas y balcones
||El cocinero práctico Nuevo tratado de cocina|México |Guillermo Herrero, y compañía|1892|700|9x5.5 pulg||12||Cocina|E. Rubiños||Interesantes articulos de economía doméstica y horicultura describe minusiosamente el servicio de la mesa, el arte de trinchar, y todo lo referente a la cocina económica y a la de lujo de todos los pueblos civilizados. Contiene gran número de interesantes fórmulas de fácil ejecución y recomendadas por los mas afamados cocineros nacionales y extranjeros, después de aquilatarlas en la práctica; y a mas del arte completo pastelero y repostero, comprende un manual de economia domestica, en que se expone la manera de conservar las sustancias animales y vegetales, dirigir la matanza y salazón del cerdo, reconocimiento de las carnes triquinadas, elaborar pan, practicar el lavado y planchado, etc. Termina el libro con un tratado de floricultura.  
||El libro del ama de casa|España|Aguilar, S.A.|1952|472|6x8.5 pulg||||Cocina|Gráficas Yagues|Alcachofas, almejas, salsa, arroz, atún, ave, bacalao, berenjenas, budin, buñuelos, canapes, conejo, crema, croquetas, chuleta, darioles, ensalada, filetes, jalea, macarrones, natillas, pan, pastelillos, rizotto, pure, sopa, tallarines, tarta, tortilla |Diario de la vida práctica del ama de casa, economia doméstica, reglas de cortesía en la actualidad, cuidado con lo que come señala procedimientos para saber si los alimentos se hallan en buenas condiciones y los peligros del demasiado comer, el regímen apropiado de las dolencias mas frecuentes, el papel de las vitaminas, dietario, diario íntimo, podrá trazar no solo la distribución del presupuesto, sino también la de su tiempo.  
||Delicias maizena|México|Productos de Maiz, S.A. ||102|4x6 pulg|Libro de cocina maizena|||Cocina|"Fabrica ""La perla"""|Sopas, pescados, entradas, carnes, aves, platillos, postres, reposteria, kremel, karo, menus, meriendas, |Recetas exquisitas sanas, economicas, seleccionadas del concurso maizena.
||150 Recetas Vita-B Industrializadora de cacahuate S. de R.L. |México||1934|96|4x6 pulg||||Cocina||Sopas, huevos, entradas, Aves, Pescados, Verduras, Carnes, cocina mexicana, budines postres, sandwiches, reposteria, helados, alimentación |Recetario de la Industrializadora de cacahuate fabicante de la crema de cacahuate VITA-B producto útil y dócil que ayudara realmente al sázon y sabor de los platillos.
||Magia con Maizena|México|Productos de Maiz, S.A. ||104|4x6.5 pulg|Libro de cocina maizena|||Cocina|"Fabrica ""La perla"""|Sopas, pescados, legumbres, aves, carnes, postres, reposteria, platillos mexicanos, menus, meriendas|Libro de recetas maizena es un libro de recetas de cocina que a la vez que sirven para producir platillos exquisitos y fácilmente digeribles también enseña como se puede disfrutar de una buena mesa a muy poco costo. 
||Recetario Alborada|México|Embasa|||5.5x4 pulg|Alborada|||Cocina||Tacos, conchas, salsa, Hamburguesas, pacholas, croquetas, pastel, ensalada, antojitos, albondigas|Con alborada usted podrá dar a su familia toda clase de antojitos, ya sea en salsa roja o verde, en mole, en adobo, pipián, con nopales o romeritos, es ideal para preparar empanadas de vigilia o pays. 
||Recetario Caceroleta Magica|México|Amigos del Hogar S.A.|||6.5x4.5 pulg||||Cocina||Postres, pastele, asado, pollo, menudo, pozole, tamales, sopa, carne, papas, elotes, tortas, estofado, arroz, barbacoa, flan, albondigas, salsa |Recetario para que la ama de casa pueda preparar mediante su propia experiencia infinidad de recetas de cocina con la caceroleta magica que sirve absolutamente para todo lo que se quiera cocinar, freir u hornear en ella.
||Recetario Caceroleta Magica|México|Amigos del Hogar S.A.|||6.5x4.5 pulg||||Cocina||Carne, pastel, sopa, arroz, pollo, albondigas, caldo, tamales, asado, alcachofas, estofado, papas, menudo, elotes, pozole, torta|Recetario para que la ama de casa pueda preparar mediante su propia experiencia infinidad de recetas de cocina con la caceroleta magica que sirve absolutamente para todo lo que se quiera cocinar, freir u hornear en ella.
||Recetario Osterizer Las más deliciosas recetas para la moderna ama de casa|México|Sunbeam Mexicana, S.A. de C.V.|||5.5X4.5 pulg||||Cocina||Aves, carnes, cocteles, cremas, entremeses, flanes, gelatinas, huevos, helados, mayonesas, mermeladas, pescados, pastas, postres, salsas, sopas, tamales, tortas|Este manual ha sido preparado para ayudarle a usar mejor su licuadora OSTERIZER, es el utensilio más eficaz y práctico de su cocina.
||"Harina de arroz ""Modelo"" Harina pulverizada de arroz lavado, el mejor y más sano alimento para niños y enfermos "|México||||4.5x6.5 pulg||||Cocina||Harina, arroz, salsa, helado, sopa, pastas, maicena, longaniza, dulce, sandwitch, totopos, pipian, jaletinas, pescado, conserva, compota, pechugas, pavo, volovanes, budin, consome, ensalada, huevos|Recetario 
||Variedades economicas Maizena|México|Productos de Maiz, S.A. ||19|5x7 pulg||||Cocina||Salsas, frituras, atoles, galletas, panecillos, pastelillos, molletes, panques, pasteles, postres, nieves, helados |Importancia de la maizena duryea en la alimentacion de los hogares con presupuestos economicos modestos
||Para alimentos mejor preparados La moderna licuadora mogsa|México|||16|6.5x4.5 pulg||||Cocina||Cocteles, entremeses, sopas, cremas, huevos, tortillas, mayonesas, salsas, pescados, carnes, tamales, postres, pasteles, bebidas|Instrucciones y deliciosas recetas la moderna licuadora mogsa
||Guía de cocina |México||1966|46|7.5x5 pulg||||Cocina||sandwiches, coquilles, sopas, jámon, salami, paté, ostras, suflé, queso, huachinango, pollo, asado, cerdo, milanesa, helado, miel, albondigas, pollo, ratatouille, salsa, tortilla, ensaladas, pasteles, savarina, merengues, cafés.|Enseña con fotografías explica con recetas como hacer los platillos más famosos del mundo Selección especial de anuncios publicada en Selecciones del Reader´s Digest 
||Recetario de la batería imperial de cuadruple espesor |México|||64|||||Cocina||Aves, ensalada, polllo, pato, huevos, barbacoa, albondigon, ternera, lomo, chile, asado, dulces, flanes, arroz, frutas, pescados, mariscos, filete, mojarras, pasteles, panque, bizcocho, sopas, consome, crrema, verduras|Recetario de la batería imperial de cuadruple espesor 
||Nuevo libro de cocina |México|Productos de Maiz, S.A. ||48|6.5x4.5 pulg|Productos de Maíz, S.A.|||Cocina|"Fabrica ""La perla"""|Sopas, pastas, huevos, pescados, carnes, aves, legumbres, dulces, reposteria |Maizena con ella se hacen los mejores platillos y los mas deliciosos postres y bizcochos, pasteleria, reposteria y cocina al alcance de todas las amas de casa
||Recetario Calmex |México|||36|4.5x6.5 pulg||||Cocina||Sandwiches, sardina, budin, taquitos, tortilla, pastel, tamales, macarrones, hojaldras, empanadas, huevos, chalupitas, croquetas, salmon, conchas, molde, chiles, coctel, ensalada, entremes, frituras, tortitas, timbales, buñuelos, pambazos, seviche, abulon, arroz, |Recetario calmex en donde encontrará numerosas fórmulas, a la vez económicas y sencillas, para preparar deliciosos platillos.
||Almanaque dulce|México|La Unión Nacional de Productores de Azúcar, S.A.|1965|74|7.5x5 pulg||||Cocina||Sopas, crema, elote, jitomate, espinacas, zanahorias, chicharos, frutas, cereza, carnes, aves, asado, puerco, cacahuates, lomo, aceitunado, jamón, vino, ternera, pollo, pato, chop suey, pescados, pastel, atún, camarones, mole, poblano, chiles, nogada, tamales, empanadas, manteca, ensaladas, verduras, frutas, limón, piña, budin, camote, garbanzo, frituras, coles, berenjenas, salsas, mayonesas, aderezos, jalea, postres, mermelada, duraznos, frambuesas, pasta, cocada, naranja, helado, mango, chocolate, magdalenas, croquetas, orejillas, envueltos, tarta, dulce, pastel, nieve, mamey, compota,, pera, fresas, cerrezas, almendras, moka, manzanas, chongos, cocteles, bebidas, alcohol, refresco, horchata, melón, albaricoque, rompope, ponche, ciruela, frambuesa, menta, martini, tequila|La Unión Nacional de Productores de Azúcar, S.A., pone nuevamente en sus manos el Almanaque dulce, que ya como una tradición, elaboramos cada año para usted. 1968 es el año olimpico de México y por tal motivo incluimos un recetario de reposteria internacional.
||Almanaque dulce|México|La Unión Nacional de Productores de Azúcar, S.A.|1968||7.5x5 pulg||||Cocina||Rosquillas, tortilla, alfajor, dulce, leche, arroz, pie, chocolate, coco, souffle, crepes, panecillos, anis, queso, datiles, crema, pastel, pudding, cake, torrejas, greybi, charlotta, frutas, bisquit, budin|La Unión Nacional de Productores de Azúcar, S.A., pone nuevamente en sus manos el Almanaque dulce, que ya como una tradición, elaboramos cada año para usted. 1968 es el año olimpico de México y por tal motivo incluimos un recetario de reposteria internacional.
||30 recetas de platillos populares mexicanos pastas para sopa|México|Compañía Nacional de Subsistencias populares |1972||8.5x6.5 pulg|Conasupo|||Cocina|Talleres Gráficos de la Nación|Espagueti, frijoles, huevo, macarrón, higaditos, almejas, norteña, salsa, horno, dorados, canelones, moreliano, vigilia, almendras, sopa, tallarines, crema, atún, pollo, sardinas, salchichas, tocino, sesos, camarones, ternera, espinacas, ejotes, cuaresma, gratin|Las amas de casa mexicanas tienen una muy particular y muy variada manera de hacer las sopas, y es que la necesidad y el ingenio se unen para que ellas realicen platillos de poco costo y exquisito sabor. Este tipo de platillos son de fácil condimento y sazón, en este cuaderno incluimos recetas que tienen como base el espagueti, macarrones y tallarines.
||Guía de cocina |México||1967|32|7.5x5 pulg||||Cocina||Sopa, cebolla, budín, pescado, pasta, bocaditos, empanadillas, palitos, tartaletas, pavo, especias, guisado, res, fritos, botana, langosta, pollo, almendras, bistec, osso, buco, helado, malteada, mieles, leche, cajeta, aderezo, ensaladas, camarones, ternera, soufflé, limón, pastel, chocolate, vienés, torta, moca, crema, mango, charlotte  |Enseña con fotografías explica con recetas como hacer los platillos más famosos del mundo Selección especial de anuncios publicada en Selecciones del Reader´s Digest 
||Formulas para hacer bizcochos tamales y atole|Puebla|Nixtamalina||18|6.5x4.5 pulg||||Cocina|La enseñanza|Atole, bizcochos, tamales, huevo, mole, sopa, molletes, panques, naranja, jocoqui, rosquitas, queso, bollos, pastelitos, mermelada, té, mantequilla, pan, pasas, ciruelas, almendras, molletes, |Nixtamalina harina de nixtamal para atole, tamales, bizcochos 
||Recetas de cocina|México|Benet Hermanos |1932|80|6.5x4.5 pulg||Segunda||Cocina||Entremeses, sopas, arroz, huevos, verduras, ensaladas, pescados, carnes, aves, salsas, postres, |Las recetas de cocina que contiene este libro en su mayoría son copia exacta del libro de propaganda, que a las damas de la América Latina que visitaron Barcelona en su exposición internacional, les obsequiaban en sus visitas al pabellón del Comité de la Exposición del aceite Español en Barcelona 1929-1930
||Almanaque dulce|México|La Unión Nacional de Productores de Azúcar, S.A.|1962|98|5.5x8 pulg||||Cocina||Envinados, turrones, dulce, budin, postre, crema, mantequilla, mecas, refrescos, pan, queso, higo, flan, nata, napolitano, turron, panquesito, galletas, azucar, requeson, pastel, datiles, budin, jarabe, polvoron, panesitos, zandillete, buñuelos, torta, ate, orejones, crema, caramelo, gorditas |La Unión Nacional de Productores de Azúcar, S.A., Recetas, secciones especializadas y artículos diversos llevan la intención de deleitarles.
||Almanaque dulce|México|Azúcar, S.A.|1938|98|6.5x8.5 pulg||||Cocina||Dulces, buñuelos, tortas, ante, cocktails, bebidas, refrescantes, helados, sorbetes, budines, empanadas, chongos, mazapanes, cakes, licores, caramelos, chocolate, pastillas, confituras, paletas, heladas, postres, flanes, carlotas, souffles, gelatinas, tostadas, cremas, nieves, compotas, cajetas, mermeladas, huevos, jaleas, conservas, galletas, pastelitos, reposteria|Deliciosos dulces que la cocina mexicana conserva religiosamente como una tradición
||Deluxe Osterizer Recetario|México||1956|48|9x6 pulg||||Cocina||Entremeses, alimentos bebidas, postres, panes, betunes, sopas, salsas, ensaladas, platillos|Este libro es solo el principio, su propia experiencia le mostrará los muchísimos usos de osterizer, ud. Misma desarrollará nuevas ideas para sus platillos. Descubrirá que puede mejorar sus viejas recetas favoritas prepararlas con menos trabajo, mayor rapidez y con mejores resultados.
||Almanaque dulce|México|La Unión Nacional de Productores de Azúcar, S.A.|1941|92|6.5x8.5 pulg||||Cocina||Postres, dulce, recetas, budines, flanes, gelatinas, buñuelos, tortillas, merengues, tortas, tartaletas, pies, dulcecitos, tamales, mermeladas, cakes, compotas, nieves, helados, conservas, frutas, alcohol, bebidas, frías, calientes, cocktails, licores, jarabes, turrones, jaleas, pastelitos, galletas|Importancia sobre la conservación de frutas en almíbar y la preparación de jaleas y mermeladas.
||Almanaque dulce|México|La Unión Nacional de Productores de Azúcar, S.A.|1945|76|6.5x8.5 pulg||||Cocina||Dulces, tortas, cockteles, ponches, refrescos, helados, empanadas, cakes, platilos de ave, sopas, pollo, panque, galletas, chongos, mazapanes, pie, bizcocho, baba, pan, canapes, huevos, budin|En la edición presente hemos incluido, además de las recetas en cuya elaboración interviene principalmente la azúcar, otras de cocina; estas ultimas seleccionadas entre las más económicas, con objeto de ofrecer a nuestras lectoras el medio de obtener platillos sabrosos cuyo costo sea compatible con la situación actual caracterizada por precios altos.
||Almanaque dulce|México|La Unión Nacional de Productores de Azúcar, S.A.|1947|78|6.5x8.5 pulg||||Cocina||Cocktails, sopa, huevos, pollo, cakes, pastel, grogs, egg-nogs, buidines, postre, tartaletas,, pure, mousse, dulces, platillos mexicanos, arroz, salsa, hoeurs, ensaladas, asado, pastas, croquetas|Incluimos las acostumbradas recetas de cocina, diversas formulas de postres y dulces que las amas de casa podrán realizar fácilmente sin grandes gastos.
||Almanaque dulce|México|La Unión Nacional de Productores de Azúcar, S.A.|1949|82|6.5x8.5 pulg||||Cocina||Sopa, arroz, torta, ate, pesacado, flan, ponche, tepache, huevos, turron, dulce, helado, nieve, crema, galletas, cajeta, pastel, rosca, mermelada|Recetas de postres y dulces gran variedad de procedimientos mediante desembolso mínimo, alimentos ricos en calorías.
||Almanaque dulce|México|La Unión Nacional de Productores de Azúcar, S.A.|1951|79|6.5x8.5 pulg||||Cocina||Cocktails, pasteles, cakes, galletas, pastas, pies, dulces, golosinas, canapes, refrescos, alcohol|Variadas recetas que estamos seguros serán una ayuda eficaz para sus diarios problemas y además muchos consejos utilísimos.
||Almanaque dulce|México|La Unión Nacional de Productores de Azúcar, S.A.|1952|79|6.5x8.5 pulg||||Cocina||Arroz, leche, crema, dulce, flan, rollo, turron, molotes, nuez, merengues, jamoncillo, cajeta, torrejas, gelatina, mazapanes, mermelada, torta, cocada, conservas, compota, helado, nieve, ponche, bizcocho, galletas, empanadas, panque, polvorones, pastel, jamoncillo|"Unión Nacional de productores de Azucar, cumple una vez más el grato deber que a sí misma se ha impuesto, de llevar hasta las manos de usted este almanaque ""DULCE"", que cada año está más y más solicitado en todos los hogares por la amenidad de sus textos, la utilidad de sus consejos y la eficacia de sus recetas. "
||Almanaque dulce|México|La Unión Nacional de Productores de Azúcar, S.A.|1953|76|6.5x8.5 pulg||||Cocina||Bombones, nuez, arroz, leche, mermelada, flan, compota, pasta, cajeta, conserva, turron, antojos, panochas, budin, crema, palanquetas, jalea, flan, postre, dulce, rollo, fudge, jamoncillo, mazapan, queso, roscas, gelatina, merengue, helado, empanadas, bizcocho, galletas, torta, pastel, rebanadas, atole, chiles,pasta, panque|En su contenido encontrará además del santoral, recetas, consejos, amenidades, etc;
||Almanaque dulce|México|La Unión Nacional de Productores de Azúcar, S.A.|1957|98|6.5x8.5 pulg||||Cocina||Budines, cajetas, cremas, cockteles, dulces, flanes, gelatinas, helados, pasteles, salsas, pure, panecitos, ensalada, galletas|Para el ama de casa, como para toda persona que guste del arte culinario y de la repostería.
||Almanaque dulce|México|La Unión Nacional de Productores de Azúcar, S.A.|1946|82|6.5x8.5 pulg||||Cocina||Recetas, tallarines, macarrones, pollo, arroz, pan, crepas, crema, flan, pastel, pudin, budin, buñuelos, frituras, tortilla, queso, jamón, entradas, mousse, gelatina, sopa, ensaladas, pastel, crema, huevos, salsa, pure, tostadas, patas, riñones, sandwiches, quesos, pescados,galletitas|El presente Almanaque contiene recetas, en cuya elaboración, interviene el azúcar; pero hemos dado preferencia a las recetas de cocina en general, cuidadosamente seleccionadas y probadas de manera que nuestras lectoras puedan apreciar su valor. 
||Almanaque dulce|México|La Unión Nacional de Productores de Azúcar, S.A.|1948|73|6.5x8.5 pulg||||Cocina||Dulce, postre, turron, helados, crema, huevos, marengue, salsa, jarabe, leche, pastelitos, ponche, torta, panecillos, bizcochos, pan, cuernos. Macarrones, mazapan, jaletina, galletas, compota, cocada, jalea, rompope, magdalenas, polvorones, bisquit, semitas, donas, mantecadas, cocoles, tortas, pan de muerto, pollo, cocada, ante|Nuevamente la Asociación Nacional de Productores de azúcar se acerca a vosotras, a traves de las páginas del Almanaque dulce, para desearos todo género de aventuras en este 1948 y para proporcionarnos una serie de consejos que sin duda habrán de reportaros alguna utilidad.
||Recetario de platillos mexicanos 1981|México|Publicaciones del Instituto Mexicano del Seguro Social|1981|88|9x6.5 pulg||||Cocina|Cía litográfica Rendón|Frutas, verduras, pescados, mariscos, carnes, leguminosas, cereales|Divulgación del consumo racional de los numerosos y variados alimentos que se producen de costa a costa y de fontera a frontera en el país.
||Recetario de Repostería y cocina de los hornos eléctricos ideal|México||1946|128|5x7.5 pulg||||Cocina|Beatriz de silva|Pastelería, respostería, panadería, budines, legumbres, frutas, pescados, mariscos, huevos, pastas, aves, carnes, postres|Ideal para preparar alimentos especiales en las dietas de los niños y enfermos 
||La cena de Navidad|México|Promociones editoriales mexicanas|1980|47|5x7.5 pulg||||Cocina|Organización editorial Novaro, S.A.|Vinos, licores, ponches, sopas, pastas, pescados, romeritos, pavos, carnes, ensaladas, postres|Los platillos incluidos representan las variantes más comunes y tradicionales de las cenas de navidad en las familias mexicanas 
||Recetario Batería Linea 2000|México|||36|8x5 pulg||||Cocina||Huevos, arroz, macarron, ensaladas, sopa, papas, crema, pollo, budin, risotta, bacalao, filete, langostinos, carnero, escalopas, lomo, carnero, bisteces, pastel, panque, hot cakes|Con el adecuado cuidado usted asegura un duradero servicio, platillos más sabrosos y una limpieza sorprendentemente fácil.
||Noveno Recetario Conquistador |México|Fabricantes de aceite conquistador |1945|128|6.5x4.5 pulg||||Cocina||Sopas, pescados, verduraas, salsas, ensaladas, huevos, aves, carnes, postres, bebidas|Las recetas de este nuevo libro de cocina, son recetas sanas, nutritivas, muy económicas, fáciles de preparar
||Recetario de Repostería y cocina de los hornos eléctricos ideal|México||1948|149|5.5x7.5 pulg||||Cocina|Asbaje|Pastelería, repostería, galletas, pastas, panadería, budines, tortas, pescados, mariscos, legumbres, frutas, huevos, carnes, postres|Repostería y cocina
||La cocinera poblana y el libro de las familias|Puebla||1895|342|||Quinta||Cocina||Sopas, caldos, jugos, pures, cocido, puchero, potajes, salsas, carnes, carnero, ternera, puerco, asados, embuchados, liebre, aves, conejo, pescados, tortas, frituras, huevos, legumbres, mole, pulques, pastelería, repostería, dulcería, conservas, botillería, cajetas, vinos de fruta, enfermedades, medicamentos|Novísimo manual práctico de cocina española, francesa, inglesa y mexicana, higiene y economia doméstica
||La cocinera poblana o el libro de las familias|México|Herrero Hermanos Sucesores|1921|430|4.5x7.5 pulg||Novena||Cocina|Imprenta de los editores|Sopas, caldos, jugos, pures, cocido, puchero, potajes, salsas, carnes, carnero, ternera, puerco, asados, embuchados, liebre, aves, conejo, pescados, tortas, frituras, huevos, legumbres, mole, pulques, pastelería, repostería, dulcería, conservas, botillería, cajetas, vinos de fruta, enfermedades, medicamentos, urbanidad, trinchar|Novísimo manual práctico de cocina española, francesa, inglesa y mexicana, higiene y economia doméstica. Tratados especiales de pastelería, confitería y repostería, diversas recetas y secretos de tocador y medicina doméstica para conservar la salud y prolongar la vida.
||La cocinera poblana o el libro de las familias|México|Herrero Hermanos Sucesores|1907|476|5x8 pulg||Séptima||Cocina|Sucesores de Rivade|Sopas, caldos, jugos, pures, cocido, puchero, potajes, salsas, carnes, carnero, ternera, puerco, asados, embuchados, liebre, aves, conejo, pescados, ostiones, caracoles,  tortas, frituras, huevos, legumbres, mole, clemole, manchamanteles, pipián, chiles, tamales, adobo, barbacoa, pulques, pastelería, repostería, dulcería, conservas, botillería, cajetas, vinos de fruta, higiene, enfermedades, medicamentos, urbanidad, trinchar|Novísimo manual práctico de cocina española, francesa, inglesa y mexicana, higiene y economia doméstica. Contiene cerca de 2.000 fórmulas de ejecución sencilla y fácil. Tratados especiales de pastelería, confitería y repostería, diversas recetas y secretos de tocador y medicina doméstica para conservar la salud y prolongar la vida.
||Nuevo cocinero mexicano en forma de diccionario|México|Librería de la Vda de CH. Bouret|1903|966|6x9.5 pulg||||Cocina|Vda. De Ch. Bouret|Diccionario, sopa, ternera, carnero, cordero, puerco, jabalí, cabra, guaxolote, ansar, pescados, buey, vaca, liebre, conejo, faisan, perdiz, codornis, ganso, gallina, masas, repostería, frutas, legumbres, huevos, asado, postre, trinchar|Contiene todos los procedimientos empleados en la alta, mediana y pequeña cocina, la lista normal de los platillos que deben componer las distintas comidas, que con variedad de nombres se hacen en el día el método de aderezar los platos y de disponer los diferentes servicios de una mesa, y lo más selecto de las artes del pastelero, del bizcochero, del confitero, del destilador y del never, con todo lo relativo a la repostería.
||Nuevo cocinero mexicano en forma de diccionario|México|Librería de la Vda de CH. Bouret|1888|966|6.5x9.5 pulg||||Cocina|Vda. De Ch. Bouret|Diccionario, sopa, ternera, carnero, cordero, puerco, jabalí, cabra, guaxolote, ansar, pescados, buey, vaca, liebre, conejo, faisan, perdiz, codornis, ganso, gallina, masas, repostería, frutas, legumbres, huevos, asado, postre, trinchar|Contiene todos los procedimientos empleados en la alta, mediana y pequeña cocina, la lista normal de los platillos que deben componer las distintas comidas, que con variedad de nombres se hacen en el día el método de aderezar los platos y de disponer los diferentes servicios de una mesa, y lo más selecto de las artes del pastelero, del bizcochero, del confitero, del destilador y del never, con todo lo relativo a la repostería.
||El tesoro de la cocina |México||1866|536|6x9 pulg||||Cocina|Juan Nepomuceno del Valle|Calendario gastronómico, epoca de sembrar las hortalizar, modo de trinchar en la mesa|Obra novisima que contiene todo lo cocerniente á la cocina española, francesa, alemana, flamenca, polaca, rusa, provensala, languedociana, italiana y gótica: metodo de servir y trinchar en la mesa: un calendario gastronómico: un tratado estenso de pastelería, método fácil para hacer helados, confitados, lo mas selecto del arte del bizcochero, tomado todo de los mejores autores mexicanos y extranjeros. 
||Cocina poblana|Puebla|Vel-a-gas de Puebla, S.A.|1968|231|5.5x7.5 pulg||||Cocina|Imprenta Madero S.A.|Moles, Chiles, tamales, chilaquiles, barbacoa, quesadillas, frijoles, nopales y quelites, chayotes, atoles, pulques, bollos, pasteles, empanadas, budines, tortas, buñuelos, bizcochos, repostería, leches, ates, cremas, flanes, dulcería, jaleas, mermeladas, conservas, mazapanes, merengues, jarabe, sorbetes, licores, vinos de frutas, |El formulario de este libro recoge, principalmente, la cocina poblana del siglo XX que, asu vez conservaba la tradición de los dos siglos anteriores.
||Mi libro de cocina|San Luis Potosi|Patronato Pro Asilo Josefino |1960|205|4.5x6.5 pulg||||Cocina|Editorial Universitaria Potosina|Sopas aguadas, sopas secas, pescados, aves, salsas, platillos diversos, carnes, platillos mexicanos, pasteles, postres, helados|En este libro expertas amas de casa, al ceder bondadosamente el fruto de sus experiencias culinarias, cooperan para una alimentación mejor.
||Comiendo con las estrellas |México|Roberto Ayala|1969|318|||||Cocina|Talleres de Organización Editorial Novaro, S.A.|Aves, carnes, pescados y mariscos, variedades culinarias|100 Fáciles recetas de cocina sugeridas por sus artistas favoritos, además 100 canciones 
||Buena cocina para la cocinera hacendosa|Durango, Dgo.||1956|160|5x8 pulg||Primera|II|Cocina|Imprenta Mayagoitia|Carnes, consomes, ensaladas, entremeses, salsas, sopas, sopas secas, verduras y legumbres, otras clases de pescado|"Contiene recetas muy sencillas y prácticas. Todas han sido obsequio dde varias socias da la H.F.T.M del Sagrario Metropolitano de durango, para beneficio del dispensario de la virgen ""La gota de Leche"""
||La cocina de la vasconia|México||1949|118|6x8 pulg||||Cocina||Caldos y consomés, sopas, huevos y tortillas, croquetas, arroz, pastas, salsas, pescados, verduras y ensaladas, potajes, aves y caza, carnes, postres|Selección de las mejores recetas de cocina, escogidas de entre los mas afamados tratados culinarios del mundo con la garantía de que dichas recetas han sido antes probadas por los diferentes utensilios de cocina que fabrica La vasconia. 
||200 Recetas a base de aceite Casa exquisitas|México|Aceite Casa|1942|143|||||Cocina||Sopas, huevos, pescado, pollos, carnes, salsa, legumbres, postres|Abundantes y numerosos son los manuales y recetarios de cocina que desde tiempo inmemorial subsisten y dan mayor valor al transcendente y nunca bien ponderado arte del comer.
||Alimentos y bebidas |México|Organo de la Unión de representantes e importadores de bebidas y comestibles de México|1948|113|6x7.5 pulg|||I|Cocina||Embutidos españoles, historia del mazapan, vino, cocina española, alimentos del carbón, aprovechamiento de desperdicios, elaboración de la leche evaporada, diferencia entre leche condensada y evaporada, mitos acerca del azúcar, alimentos congelados, importación de malta, traguitos y bocadillos|Alimentos y bebidas se complace en saludar cordialmente a todos los órganos periodísticos y muy en especial a las publicaciones de carácter técnico a fines de mejoramiento técnico y económico del país.
||Alimentos y bebidas |México|Organo de la Unión de representantes e importadores de bebidas y comestibles de México|1948|113|6x7.5 pulg|||I|Cocina||Fabricación de aceite en España, productos que pueden exportarse de México a España, productos de procedencia española, decreto de importación, Ley del impuesto mercantil, decreto permiso de importación, Ley federal del impuesto sobre ingresos mercantiles|La promulgación del Decreto de 7 de julio de 1947, que prohibe la importación de bebidas alcohólicas y de numerosos alimentos, tuvo por finalidad, según en el mismo se dice y lo confirmaron reiteradas declaraciones oficiosas, limitar drásticamente la salida de dólares invertidos en la adquisición de productos de importación para, de esta manera, nivelar el saldo de nuestra balanza comercial y, en consecuencia, nuestras reservas en divisas extranjeras (dólares). 
||Alimentos y bebidas |México|Organo de la Unión de representantes e importadores de bebidas y comestibles de México|1948|131|6x7.5 pulg|||I|Cocina||Conservas de carnes, la sardina, metodo para dar punto al chocolate, intoxicaciones por los quesos, traguitos y bocadillos|Es nuestro deseo analizar someramente las numerosas causas que actuando sobre el comercio de alimentos y bebidas tienen a quines se dedican a estas actividades en estado de sosobra permanente y a muchos de ellos al borde de la quiebra o del cierre del negocio.
||Alimentos y bebidas |México|Organo de la Unión de representantes e importadores de bebidas y comestibles de México|1948|126|6x7.5 pulg|||I|Cocina||Los salchichones, conservación de huevos, el nougat, dulce de Cacahuates, carne congelada, traguitos y bocadillos|La crisis del peso, restringe las importaciones y fomenta las exportaciones.
||Alimentos y bebidas |México|Organo de la Unión de representantes e importadores de bebidas y comestibles de México|1948|126|6x7.5 pulg|||I|Cocina||Pan y vino, las salchichas, elaboración de jugos, solventes de soja, traguitos y bocadillos|Para desarrollar un programa de reconstrucción interior y de colaboración mundial, como elementos vinculados con la economía nacional en el importante ramo de bebidas y comestibles, estamos dispuestos a la más cordial colaboración.
||Recetario de cocina de las Damas del Instituto de Protección a la Infancia de Campeche|Campeche|Damas del Instituto de Protección a la infancia de Campeche|1974|247|6.5x9 pulg||Segunda||Cocina||Sopas, carnes, salsas, ensaladas, huevos, mariscos y pescados, aves, legumbres, bocadillos, soufles, guisos diversos, dulces, gelatinas y helados, reposteria |Ofrecemos a la consideración de usted este libro, cuya única pretensión es facilitarle algunos aspectos prácticos del buen comer.                                           No es un tratado sobre la materia, sólo es el deseo de compartir nuestras recetas predilectas en forma práctica y familiar. 
||Recetario mexicano del maíz|México|Praxis, artes gráficas|1982|246|8.5x8.5 pulg||||Cocina|Talleres Razo Impresores|El maíz, nuestra carne y sustento, elote, tortilla, antojitos y otras formas de preparar la masa, tamales, atoles, pozoles y menudos, repostería, pinoles y golosinas, bebidas, cuitlacoche|Selección bibliográfica de recetas basadas en el maíz, expresión riquísima de nuestra diversidad cultural.
||Recetario de cocina tipica del Estado de Morelos|Morelos|DIF Morelos|1986|68|5x8 pulg||||Cocina||Arroz, adobo, atole, ayocotes, barbacoa, camarones, caldo, carne, cajeta, cecina, clemole, croquetas, cochinita, conejo, conserva, chaya, chilacas, chilacayotes, chiles, dulcesitos, espinacas, enchiladas, frijoles, guisado de carne, garnachas, guasmole, jamoncillo, lengua, mole, mixiotes, salsa, tamales, tacos, tortas, pichones, palanqueta, pan, pipian, postre, quesadillas.|Recetario que contiene platillos tipicos de todos los rincones de nuestro querido Estado, a tráves de estas páginas, el DIF Morelos pretende dar a conocer a usted y a su familia nuestra cocina; y enriquecer nuestras tradiciones.
||Guía del buen comer y mejor beber|México|La puerta del Sol, S.A. ||159|6x7.5 pulg||||Cocina||Sopa, cocido, paella, huevos, robalo, pudding, truchas, langosta, calamares, bacalao, papas, pimientos, ternera, filete de cerdo, rosbif, lomo relleno, manitas de puerco, lengua, riñones, sesos, frituras, pollo, pavo, pichones, pato, gallina, conejo, salsa |Guía del buen comer y mejor beber
||Recetario de cocina Excelsior|México||||||||Cocina||Cocktails, sopas, sopas secas, huevos, pescado, aves, carnes, ensaladas, verduras, y scereales, budines, tortas y frituras, antojos mexicanos, postres, nieves, sanwiches, tamales y atole|Recetario de cocina Excelsior
||La nueva gastronomía mexicana y su armonía con el vino|México|Banca cremi||57|7x8.5 pulg||||Cocina||Tamal de lujo, salsa de morillas, sopa hojaldrada de hongos de huitlacoche al poblano, filete relleno de queso, sorbete de tequila, mixiote de pescado y mariscos, gaznates rellenos de crema xanat con salsa de chocolate, sopa de elote|El vino bebida fermentada de moderación acompañante ideal con los platillos, pues sus caracteristicas multiplican las posibilidades del gusto y profundizan el umbral de sabores, matices y sensaciones. Tipo de vino y características
||Recetas para cocinar pollo y huevo|México|Sección Nal. De Incubadores de la Unión Nal. De Avicultores||97|8x10.5 pulg||||Cocina||Gallina a la mexicana, brochetas de higados de pollo, mollejas a la española, pechugas en salsa de queso, pollo con pimientos, huevos a la florentina, huevos con tocino, omelette, tortilla de huevos|
||Recetario diversos modos de preparar el Pato|México|Subsecretaria de ganaderia|||8x10.5 pulg||||Cocina||Pato a la mexicana, en cazuelita, en chirmol, en su jugo, con nabos, al orange, al champagne, a la reina, chop suey de pato, pato con esparragos, hungaro, tehuacán, con almendras y jerez, delicioso, guisado criollo de pato, pechuga de pato a la parmesana, pato en mole, a la cubana|
||Recetario de cocina Myriam 600 recetas|||||||||Cocina||Coktail, sopa aguada, sopas secas, asados, carnes en frio, aves, mariscos, cereales y verduras, huevos, dulces, helados, pasteles, panes y galletas, varios|
||Guía para la alimentación de la familia mexicana, ahorre, combine, disfrute y nutrase|México|INCO-DICONSA|1987|228|6.5x8 pulg||||Cocina||Sopas, ensaladas, guisados de carne, guisados de pescado, guisados de verduras, guisados de leguminosas, preparaciones con huevo, preparaciones con cereales, postres, bebidas calientes, bebidas frias, salsas|Esta guía recoge y respeta los mejores hábitos y las más sabias tradiciones de las mayorías sociales del país. Trata de servir a esa población sin violentar sus costumbres alimentarias y teniendo en cuenta sus dificiles condiciones económicas.  121 recetas para platillos mexicanos, sabrosos y nutritivos.  42 menús completos (desayuno, comida y cena) para seis semanas.
||Recetario Inca|México||||||||Cocina||Arroz, guacamole, crema de zanahoria, sopa de fideo, sopa de tortilla, pollo, hamburguesas, higado a la mexicana, alcachofas rellenas, sesos fritos, entomatado de puerco, albondigas, filete al jugo de naranja, ternera al horno, tostadas mexicanas, huevos yucatecos, mancha manteles, chiles en nogada, budin de tortilla pambacitos, chalupas poblanas, enchiladas de jitomate, tamales, panecitos, rodeos, pastel de naranja, polvorones de nuez, roscones, bisquets de queso  |Verá qué fácil le será preparar desde la sopa hasta el postre con INCA, que además de ser económica, es rendidora, y que con ella, resalta el buen sabor de cada alimento.                                              Para lograr un buen platillo, además de contar con ingredientes de primera calidad, es indispensable medir con exactitud las cantidades indicadas en cada receta y seguir al pie de la letra las instrucciones. Esto constituye la base para llegar a ser una buena cocinera. 
||Recetario Coldspot|México|El centro mercantil, S.A.||79|6x9 pulg||||Cocina||Nieve, sorbete, helados, parfaits, mousse, marlows, pudding, postre de café, pastel, crema de fresa, custard, galletas, salsas, entremeses, cocktel de mariscos, sopa de tomate, bebidas, pastas, biscuits, muffins, cake, ensaladas, panes, molletes, bizcochos, bollos, pescado, carnes, legumbres|Recetario Coldspot
||Guia y recetario del refrigerador IEM|México|Industria Electrica de México, S.A.|1948|30|5.5x8.5 pulg||||Cocina|PESA|Postres y helados, salsas para postres, especialidades, refrescos, canapes y cocteles, sandwiches, ensaladas, aderezos de ensalada|
||Pasta Hojaldrada Recetas fáciles y prácticas|México|El globo||31|5.5x8 pulg||||Cocina||Empanadas, banderillas, hojaldre, rollitos de hojaldre, quiche, volován, strudel, filete, pechugas, pescado, milhojas, tarta, tartaleta, pays y pasteles, pizza|Si usted tiene un gusto especial por la cocina, éste recetario es para usted.
||Recetario aceite casa|México|||20|5x7.5 pulg||||Cocina||Entremeses, sopas, aves, carnes, verduras, ensaladas, postres, platillos mexicanos|Recetario cuyas recetas han sido cuidadosamente seleccionadas y debidamente comprobadas por una experta profesora de cocina
||Recetario de Aluminio Vasconia|México||1911|48|5.5x7.5 pulg||||Cocina||Caldos y consomés, sopas, potajes, huevos y tortillas, croquetas, arroz, pastas, salsas, pescados, verduras y ensaladas, aderezos para las ensaladas, potajes, aves y caza, diferentes rellenos para guajolote, carnes, postres|Este recetario de cocina contiene una selección de los mejores platillos que pueden prepararse fácilmente en casa para deleite de los suyos y sus invitados, con la garantía de que dichas recetas han sido probadas en diferentes utensilios de aluminio VASCONIA
||Recetario de cocina cinco estrellas |México|Cinco estrellas Internacional, S.A de C.V.||60|5x8 pulg||||Cocina|Imprenta venecia, S.A.|Sopa, arroz, spaghetti, pizza, tortilla, huevo, omelet, rollos, croquetas, filete, lomo de cerdo, conejo estofado, pure, carne asada, costillas, higado, ternera, pollo, tempura japonesa, pescado, enchiladas, chiles poblanos, pie de piña, pastel de nuez, donas, crepas, panecitos|Platillos de cocina mexicana e internacional.
||Recetario Milpa Alta |México|Dirección general de desarrollo delegacional||55|5.5x8.5 pulg||||Cocina||Ensalada de nopales con atún, mixmole, nopales en escabeche, tamales de nopal con queso, mermelada de nopal, empanadas rellenas de nopal, sopa de nopales con elote, crema de nopales con jitomate, crema de nopales con espinacas, nopales con orégano, dulce de nopal, tamales de nopales y pescado, tamales de nopales con sesos, ceviche de nopal|Disfruta de 48 exquisitos platillos tradicionales de la región.                          El presente recetario es una recopilación de recetas familiares, que las amas de casa de la región desean compartir con todos aquellos que consideren que el nopal es una alternativa en la dieta diaria, por sus propiedades nutricionales y terapéuticas.
||Recetario sunbeam|México|||48|6x9 pulg||||Cocina||Sopas, huevos, guisados, postres, antojitos mexicanos, pasteles, panqués, salsas, postres, panquecitos y galletas, cubiertas para pastel|Usted se convencerá que mientras más use su nueva batidora sunbeam y su sartén, más apreciará sus múltiples ventajas y llegarán a ser imprescindibles en sus labores culinarias, en combinaciones con este recetario dedicado exclusivamente a los gustos de la maravillosa cocina mexicana
||Recetario de cocina ||||60|5.5x8 pulg||||Cocina|Talleres Gráficos Beltran|Ensaladas, guacamole, sopas, caldos, arroz, cremas, filete de res, camarones, chuletas, brochetas, albondigas, pechugas, paella, pollo, pescado, puré, chayotes, champiñones, papas, verduras, flanes, gelatinas, budín, pay, pastel, capirotada, bebidas y coctelería|Ensaladas, cremas, sopas y caldos, platos fuertes, flanes, budines, gelatinas, cocteles.
||Recetario Rosa Blanca||||27|5.5x8 pulg||||Cocina||Las medidas en cucharas, botanas, sopas, sopas secas, huevos, salsas, pescados, carnes, aves, verduras, |En sus fiestas y reuniones familiares usted puede servir a sus invitados, deliciosos platillos que además de ser muy económicos; pueden prepararse en unos cuantos minutos. 
||Cocina con arroz||Colecciones Pranc ||34|5x8 pulg||||Cocina||Moros con cristianos, arroz con menudencias, arroz verde, sopa mixteca, arroz a la parmesana, arroz cantones, arroz con pavo, arroz con elotes y rajas, arroz alemán, arroz negro, arroz con pollo y crema, arroz silvestre, ensalada de arroz, arroz con leche, postre de arroz con limón, crema de arroz con kiwi|Cocina con arroz
||Las mejores recetas de la cocina mexicana||||83|5x7.5 pulg||||Cocina||Botanas, sopas, ensaladas y verduras, carnes, pescados y mariscos, budines, huevos, antojitos, postres, adobo, ate de guayaba, ate de membrillo, cajeta, chile ancho molido, chocolate, chongos, mole, nopalitos, pipian, salsa|Doña María le ofrece en este recetario los platillos típicos de la cocina mexicana, aquéllos que hacían las delicias de nuestros ancestros, llenos de añoranzas y auténticamente tradicionales
||"Recetas e instrucciones de la pavera ""lamex"" y cocina todo ""lamex"""|||||5x8 pulg||||Cocina|Offset Beltrán|Pierna en vino, lomo, birria, mixiote, rollo de carne, ternera, jamon, pescado, pollo, pato, pichones, gallinas, tamales, uchepos, empanadas, bisquets, panque, brownies, flan, jericallas, conservas, pure|
||Postres Royal 33 recetas nuevas y sabrosas||||15|5x8 pulg||||Cocina||Azucarado rápido, batido de chocolate, coctel de frutas, copita de piña y limón, crema de cereza, deleite de caramelo, delicia tropical, ensalada de aguacate, fantasía caribe, flanes, helados, nieve, postre, pudín, salsa, sorpresa para niños|Descubra las muchas tentadoras maneras de hacer sabrosos postres royal cuando usted tiene a mano pudin royal, gelatina royal y flan royal, está lista para preparar, sin previo aviso, los más exquisitos postres para la familia, para los dias de fiesta, para la hora del té o de la merienda.
||El tesoro del hogar|México|Publicaciones populares||32|5.5x7.5 pulg||||Cocina||Sopas, comidas varias, frituras, ensaladas y rellenos, tamales, pozole, buñuelos, gelatina, dulce, panecitos, pastel|Este interesante libro de cocina que ponemos en sus manos, titulado cultura culinaria es con el fin de contribuir hasta donde nos sea posible, ayudarle en las arduas tareas de preparar los condimentos diarios para su familia.
||Recetas culinarias royal|New York|||42|5.5x7 pulg||||Cocina||Azucarado, barquillos, bizcochitos, bollos, churros, empanadas, frituras, galletas, glacé, molletes, pan, pasta, pasteles, pastelitos, pudín, postre, rollo, salsa, torta|La nueva edición de nuestro libro de cocina recetas culinarias royal se ha dado a la publicidad con el objeto de hacer frente a la enorme y siempre creciente demanda por un libro de cocina que permita al ama de casa preparar toda clase de pastelería y otras delicias culinarias, en su propia casa.
||Sugestiones del fuerte ||Empacadora de conservas de los Mochis, S.A.|||5.5x7 pulg||||Cocina||Cocktail de tomate, gelatina de tomate, bouillon de tomate, sopa crema de tomate, pisto, lengua entomatada, huachinango a la veracruzana, pastelillos de carne, relleno de los pastelillos, estofado estilo antiguo, tapado de pollo, bacalao a la vizcaina, salchichas en tomate, canarones, ensalada de ejotes, budin de garbanzo, peras con merengue, pastel de piña, fresas|Este folleto contiene buen número de ideas para la preparación de platillos suculentos y exquisitos, muy fáciles de hacer, con nuestros productos del fuerte.
||Antojitos mexicanos||Aceite Casa, S.A.|||6x5.5 pulg||||Cocina||Enchiladas de mole, quesadillas de flor de calabaza, pambacitos compuestos, tacos de pollo y guacamole, budin de elote, sopes, nopalitos, empanadas de san juan, |Aceite casa le presenta unas cuantas recetas de algunos de los más conocidos sabrosos antojitos mexicanos.
||Recetario crepera harwi|México|Industrias Harwi||12|7.5x5 pulg||||Cocina||Pasta básica, pasta básica para postre, crepas de trigo, crepas de harina de maíz, crepas de masa de hot cakes, salsas, salsa morena, blanca, holandesa, de relleno o aderezo, crepas con miel, rellenas de manzana, crepas con huevo revuelto, crepas tipo oslo, entremeses, postres|La crepera Harwi, es el medio más eficiente y sencillo para hacer crepas.
||Recetas internacionales con polvo para hornear royal||||33|5x7.5 pulg||||Cocina||Galletas alemanas, torta de banana, empanadas criollas, empanada gallega, donas, saladitos de praga, vol-au-vent de langostinos, torta escocesa, pizza, masitas de cocoa|Tengo el placer de ofrecerle una selección de recetas internacionales.                        A recetas típicas de repostería, he agregado algunas de platos caracteristicos.
||Polleria don gumaro|||||5x8 pulg||||Cocina||Piky pollo a la mexicana, mini pollitos rellenos de atún ó camarones, mini pollitos rellenos a la francesa, mini pollo relleno de cuitlacoche, mini pollitos rellenos papa c/chorizo, piky a las brasas en pollocoa, pato mestizo, pollo pibil, pollo en salsa de chipotle, pollo en salsa de nuez, pollo a la vinagreta, mousse de pollo, pollo en salsa de jitomate, pollo en vino blanco, pollo al limón, canapés de pollo|
||2a Feria Nacional del Nopal||||27|5x8 pulg||||Cocina||Ensaladas, sopas y cremas, guisados, antojitos, postres|"A la entrada de la población de Milpa Alta, por la carretera que parte de Xochimilco y llega a Oaxtepec, Morelos, un enorme anuncio como carta de presentación reverente, indica ""Bienvenido a la provincia hermosa del Distrito Federal""."
||Recetario Glasbake||Glasbake|||5.5x8 pulg||||Cocina||Huevos con crema, tamal de elote relleno, macarron napolitana, pastel de chocolate, panque de harina de maiz, flan de almendra, atole de harina de arroz, filete al horno, pescado al horno, carnero relleno, pastel del coco, caldo de verduras, jaibas rellenas, spaguetty al gratin, pollo con jugo de naranja, riñones a la brocheta |"A la entrada de la población de Milpa Alta, por la carretera que parte de Xochimilco y llega a Oaxtepec, Morelos, un enorme anuncio como carta de presentación reverente, indica ""Bienvenido a la provincia hermosa del Distrito Federal""."
||Recetario Tomazina ||Clemente Jacques|||5.5x8 pulg||||Cocina||Tallarines boloñesa, pollo en champiñones, huevos rancheros, chiles rellenos|Con tomazina olvidese de moler, cortar, picar o condimentar. Tomazina sazona deliciosamente pescados, pastas, carnes, huevos, sopas y otros platillos.
||Recetas de cocina Monarca||||96|4.5x6.5 pulg||||Cocina||Sopas, huevos, pescados, pollos-aves, carnes, ensaladas y verduras, postres|El aceite monarca tiene verdadera satisfacción en obsequiar a ud. Este ejemplar de recetario monarca que esta compuesto de cerca de ciento cincuenta recetas, para escoger el menu diario de su hogar.
||Aceite conquistador Recetario No. 4|México|Fabrica de aceites y grasas comestibles Clavel, S.A.||128|4.5x6.5 pulg||||Cocina||Sopas, pescados, huevos, carnes, aves, ensaladas y salsas, platillos diversos, postres, repostería y dulces|Este recetario No. 4, que como los anteriores trae las mejores recetas de guisados, ensaladas, sopas, mayonesas, etc. Y que quedan insuperablemente sabrosas cuando se tiene el cuidado de usar en su preparación solamente aceite conquistador, el mejor aceite mexicano para la cocina y el comedor.
||Aceite conquistador Recetario No. 8|México|Fabrica de aceites y grasas comestibles Clavel, S.A.||122|4.5x6.5 pulg||||Cocina||Sopas, pescados, legumbres, pollos, carnes, salsas, postres, dulces y pastas, bebidas|Este recetario No. 4, que como los anteriores trae las mejores recetas de guisados, ensaladas, sopas, mayonesas, etc. y que quedan insuperablemente sabrosas cuando se tiene el cuidado de usar en su preparación solamente aceite conquistador, el mejor aceite mexicano para la cocina y el comedor.
||Conquistador Aceite especial para ensaladas y mayonesas Recetario No. 5|México|Fabrica de aceites y grasas comestibles Clavel, S.A.||128|4.5x6.5 pulg||||Cocina||Entremeses, sopas, huevos, legumbres, aves, carnes, pescados,  salsas, ensaladas, postres, bebidas|Este recetario No. 5, que como los anteriores trae las mejores recetas de guisados, ensaladas, sopas, mayonesas, etc. y que quedan insuperablemente sabrosas cuando se tiene el cuidado de usar en su preparación solamente aceite conquistador, el mejor aceite mexicano para la cocina y el comedor.
||Recetario Práctico de cocina 120 recetas 30 menus exquisitos para todo el mes usando aceite conquistador|México|Fabrica de aceites y grasas comestibles Clavel, S.A.||95|4.5x6.5 pulg||||Cocina||Sopas, huevos, pescados, pollos, carnes, verduras y salsas, postres|La fabrica de aceites y grasas comestibles Clavel, S.A. fabricante del insuperable aceite comestible conquistador tiene verdadero placer en ofrecer a ud. este novísimo recetario de diversidad de platillos hechos a base de su producto verdadero orgullo de la industria nacional.
||Recetas Maizena|México|Productos de Maiz, S.A. ||73|4.5x6.5 pulg|Productos de Maíz, S.A.|||Cocina||Sopas, sopas secas y budines, huevos, pescados, carnes, aves, legumbres, platillos nacionales, dulces, reposteria, sección dextrosol, sección kre-mel, sección karo  |Maizena con ella se hacen los mejores platillos y los mas deliciosos postres y bizcochos, pasteleria, reposteria y cocina al alcance de todas las amas de casa
||Recetario Rosa Blanca|México||||4x6 pulg||||Cocina||Sopas aguadas, sopas secas, pescados, guisados, frijoles|Estas recetas han sido planeadas para ayudarla en esa tarea y en la de cocinar con sencillez y economía aparte de proporcionarle la ocasión de lucirse a darle a sus platillos ese delicioso sabor que solo se obtiene usando los magníficos productos rosa blanca.
||Festín de postres con deliciosos pudines royal|||||6x3.5 pulg||||Cocina||Pudin de chocolate y coco, pudin de chocolate y arroz, coupe allegretti, copitas de caramelo y coco, pudin caraqueño, sorpresas de guanabana, islas flotantes, postre caribe, dulce de coco, pudin café, piña royal, esponja de malvaviscos|Postres royal exquisitos, delicados el deleite de toda la familia, economicos faciles de preparar, no tiene mas que seguir las sencillas instrucciones.
||Recetario sunbeam|México||||4x6 pulg||||Cocina||Carlota de fresa, pay de limon, pure de papas, tortas de camaron, pastel al chantilly, donas|Y se hizo la vida mas amable con Sunbeam batidora BM-12
||Recetario super budinera express|||||4.5x6.5 pulg||||Cocina||Paella Valenciana, arroz a la cubana, arroz con mariscos, arroz con camarones, sopa americana, sopa de jaiba, gallina a la mexicana, pato al orange, pichones con chicharos, almejas con arroz, bacalao, mole de olla, pancita en pozole, cocada|Usando la super budinera express, disfrutamos de un ciento por ciento de las riquezas que contienen los alimentos cocidos en ella y en forma práctica, económica y efectiva encontrándose el mejor y más saludable medio de alimentación.
||Recetario del vapimar|México|Amigos del Hogar S.A.||19|4.5x6.5 pulg||||Cocina||Birria de pescado, aluvias con carne, pollo con mantequilla al vapor, tamales, atoles para tamales, verduras cocidas, pierna de cerdo adobada, pozolollo, frutas cocidas al vapor, albondigas estilo sinaloa, carnero, cochinita pibil, caldo de camarones, jaiba en chipotle|Usando el VAPI-MAR disfrutamos de un ciento por ciento de las riquezas que contienen los alimentos cocidos en ella y en forma práctica, económica y efectiva encontrándose el mejor y más saludable medio de alimentación.
||Fri-Asa-Dora Recetario|México|Amigos del Hogar S.A.|||4.5x6.5 pulg||||Cocina||Chuletas de cerdo con aguacate, tamales norteños, pastel de elote, pastel de naranja, hot cakes, pay de limon, torta de piña, chiles rellenos, pastel de cocoa, pescado a la tahitiana, carnero adobado, tamales maria, lomo mechado, bisteces entomatados, pollo en vino blanco, pastel de carne|Usando la FRI-ASA-DORA disfrutamos de un ciento por ciento de las riquezas que contienen los alimentos cocidos en ella y en forma práctica, económica y efectiva encontrándose el mejor y más saludable medio de alimentación.
||Fri-Asa-Dora Recetario|México|Amigos del Hogar S.A.|||4.5x6.5 pulg||||Cocina||Salsa de betabeles, tamales norteños, pastel del elote, chiles rellenos, pastel de cocoa, pescado a la tahitiana, hot cakes, pay de limón, carnero adobado, chuletas de cerdo con aguacate, pastel de carne, lomo mechado, pastel de naranja, tamales maria, bisteces entomatados, torta de piña, pollo en vino blanco|Usando la FRI-ASA-DORA disfrutamos de un ciento por ciento de las riquezas que contienen los alimentos cocidos en ella y en forma práctica, económica y efectiva encontrándose el mejor y más saludable medio de alimentación.
||Recetario Olla térmica Termo Vap dos usos super vaporera Recetas que engordan al bebé y adelgazan a la mamá|México|||19|4x5 pulg||||Cocina||Pastel cocido al vapor, pure de espinacas, pure de papa, pure de manzana, pure de chicharos, pure de zanahorias, pescado al vino blanco, mojarras en guacamole, col al vapor, zanahorias con nata, pancita en chipotle, carne de res a la mexicana, picadillo al vapor con calabacitas, omelet a la inglesa, huevos revueltos al vapor a la mexicana, barbacoa y carnitas con poca grasa, tamales, pollo en cuñete, crema pastelera, dulce de malvavisco|A través de las recetas de cocina contenidas en el mismo, esperamos demostrar la grandisima ventaja que tiene para usted el adquirir y usar varias ollas Termo-vap.
||Recetario Olla térmica Termo Vap dos usos super vaporera Recetas que engordan al bebé y adelgazan a la mamá|México|||19|4x5 pulg||||Cocina||Pastel cocido al vapor, pure de espinacas, pure de papa, pure de manzana, pure de chicharos, pure de zanahorias, pescado al vino blanco, mojarras en guacamole, col al vapor, zanahorias con nata, pancita en chipotle, carne de res a la mexicana, picadillo al vapor con calabacitas, omelet a la inglesa, huevos revueltos al vapor a la mexicana, barbacoa y carnitas con poca grasa, tamales, pollo en cuñete, crema pastelera, dulce de malvavisco|A través de las recetas de cocina contenidas en el mismo, esperamos demostrar la grandisima ventaja que tiene para usted el adquirir y usar varias ollas Termo-vap.
||Nuevo cocinero mexicano en forma de diccionario|México|Librería de la Vda de CH. Bouret|1909|966|6x9.5 pulg||||Cocina|Vda. De Ch. Bouret|Diccionario, sopa, ternera, carnero, cordero, puerco, jabalí, cabra, guaxolote, ansar, pescados, buey, vaca, liebre, conejo, faisan, perdiz, codornis, ganso, gallina, masas, repostería, frutas, legumbres, huevos, asado, postre, trinchar|Contiene todos los procedimientos empleados en la alta, mediana y pequeña cocina, la lista normal de los platillos que deben componer las distintas comidas, que con variedad de nombres se hacen en el día el método de aderezar los platos y de disponer los diferentes servicios de una mesa, y lo más selecto de las artes del pastelero, del bizcochero, del confitero, del destilador y del never, con todo lo relativo a la repostería.
||La exquisita comida yucateca del Restaurante Los almendros|||||27.5x21 cm||||Cocina||Sopa, arroz, poc-chuc, pierna, lomitos, cochinita, pollo, muc-bil, longaniza, papadzul, pavo, tzic, venado, onsiquil, sac-kol, panuchos|
